batch_number,Type,Orientation,Location,KIND_OF_HM_SET_ID,TEMP_SET_DEGC,AV_TEMP_DEGC,VFB_INV_V
34252,PSS,EE,Brown,Left,20.0,20.031,-1.644
34252,PSS,EE,Brown,Right,20.0,20.004,-1.657
34252,PSS,WW,Brown,Right,20.0,20.011,-1.672
34252,PSS,WW,Brown,Left,20.0,20.067,-1.734
34252,PSS,EE,Brown,Left,20.0,20.035,-1.725
34252,PSS,EE,Brown,Right,20.0,20.045,-1.7
34252,PSS,WW,Brown,Right,20.0,20.015,-1.736
34252,PSS,WW,Brown,Left,20.0,20.012,-1.807
34252,PSS,EE,Brown,Left,20.0,20.005,-1.717
34252,PSS,EE,Brown,Right,20.0,20.003,-1.693
34252,PSS,WW,Brown,Left,20.0,20.026,-1.805
34252,PSS,WW,Brown,Right,20.0,20.002,-1.719
34252,PSS,EE,Brown,Left,20.0,20.062,-1.704
34252,PSS,EE,Brown,Right,20.0,20.006,-1.696
34252,PSS,WW,Brown,Right,20.0,20.003,-1.709
34252,PSS,WW,Brown,Left,20.0,20.052,-1.755
34252,PSS,EE,Brown,Right,20.0,20.007,-1.685
34252,PSS,EE,Brown,Left,20.0,20.087,-1.695
34252,PSS,WW,Brown,Right,20.0,20.036,-1.683
34252,PSS,WW,Brown,Left,20.0,20.107,-1.811
34252,PSS,EE,Brown,Right,20.0,20.098,-1.694
34252,PSS,EE,Brown,Left,20.0,20.054,-1.726
34252,PSS,WW,Brown,Right,20.0,20.052,-1.7
34252,PSS,WW,Brown,Left,20.0,20.074,-1.802
34252,PSS,EE,Brown,Left,20.0,20.005,-1.73
34252,PSS,EE,Brown,Right,20.0,20.097,-1.719
34252,PSS,WW,Brown,Left,20.0,20.029,-1.82
34252,PSS,WW,Brown,Right,20.0,20.062,-1.715
34252,PSS,EE,Brown,Left,20.0,20.079,-1.73
34252,PSS,EE,Brown,Right,20.0,20.099,-1.712
34252,PSS,WW,Brown,Right,20.0,20.04,-1.728
34252,PSS,WW,Brown,Left,20.0,20.076,-1.802
34252,PSS,EE,Brown,Right,20.0,20.055,-1.702
34252,PSS,EE,Brown,Left,20.0,20.111,-1.702
34252,PSS,WW,Brown,Right,20.0,20.032,-1.696
34252,PSS,WW,Brown,Left,20.0,20.123,-1.797
34252,PSS,EE,Brown,Left,20.0,20.14,-1.695
34252,PSS,EE,Brown,Right,20.0,20.11,-1.702
34252,PSS,WW,Brown,Left,20.0,20.111,-1.789
34252,PSS,WW,Brown,Right,20.0,20.064,-1.671
34252,PSS,EE,Brown,Left,20.0,20.06,-1.681
34252,PSS,EE,Brown,Right,20.0,20.004,-1.708
34252,PSS,WW,Brown,Left,20.0,20.083,-1.777
34252,PSS,WW,Brown,Right,20.0,20.023,-1.664
34252,PSS,EE,Brown,Left,20.0,20.039,-1.7
34252,PSS,EE,Brown,Right,20.0,20.056,-1.738
34252,PSS,WW,Brown,Right,20.0,20.023,-1.695
34252,PSS,WW,Brown,Left,20.0,20.06,-1.818
34252,PSS,EE,Brown,Right,20.0,20.006,-1.681
34252,PSS,EE,Brown,Left,20.0,20.055,-1.665
34252,PSS,WW,Brown,Right,20.0,20.007,-1.665
34252,PSS,WW,Brown,Left,20.0,20.062,-1.803
34252,PSS,EE,Brown,Left,20.0,20.071,-1.653
34252,PSS,EE,Brown,Right,20.0,20.044,-1.685
34252,PSS,WW,Brown,Right,20.0,20.008,-1.666
34252,PSS,WW,Brown,Left,20.0,20.037,-1.797
34331,2S,EE,Brown,Left,20.0,20.126,-2.284
34331,2S,EE,Brown,Right,20.0,20.099,-2.297
34331,2S,WW,Brown,Right,20.0,20.047,-2.31
34331,2S,WW,Brown,Left,20.0,20.099,-2.305
34331,2S,EE,Brown,Right,20.0,20.006,-2.3
34331,2S,WW,Brown,Right,20.0,20.056,-2.244
34331,2S,EE,Brown,Right,20.0,20.121,-2.293
34331,2S,WW,Brown,Right,20.0,20.065,-2.297
34331,2S,EE,Brown,Right,20.0,20.025,-2.323
34331,2S,WW,Brown,Right,20.0,20.072,-2.288
34331,2S,EE,Brown,Right,20.0,20.133,-2.314
34331,2S,WW,Brown,Right,20.0,20.072,-2.279
34331,2S,EE,Brown,Right,20.0,20.012,-2.31
34331,2S,WW,Brown,Right,20.0,20.047,-2.299
34331,2S,EE,Brown,Right,20.0,20.1,-2.312
34331,2S,WW,Brown,Right,20.0,20.041,-2.294
34331,2S,EE,Brown,Right,20.0,20.005,-2.292
34331,2S,WW,Brown,Right,20.0,20.019,-2.309
34331,2S,EE,Brown,Right,20.0,20.079,-2.339
34331,2S,WW,Brown,Right,20.0,20.026,-2.298
34331,2S,EE,Brown,Right,20.0,20.002,-2.303
34331,2S,WW,Brown,Right,20.0,20.004,-2.315
34331,2S,EE,Brown,Right,20.0,20.003,-2.326
34331,2S,WW,Brown,Right,20.0,20.008,-2.294
34331,2S,EE,Brown,Right,20.0,20.001,-2.185
34331,2S,WW,Brown,Right,20.0,20.001,-2.207
34331,2S,EE,Brown,Right,20.0,20.003,-2.19
34331,2S,WW,Brown,Right,20.0,20.001,-2.279
34331,2S,EE,Brown,Right,20.0,20.006,-2.163
34331,2S,WW,Brown,Right,20.0,20.068,-2.206
34331,2S,EE,Brown,Right,20.0,20.138,-2.189
34331,2S,WW,Brown,Right,20.0,20.069,-2.237
34331,2S,EE,Brown,Right,20.0,20.008,-2.227
34331,2S,WW,Brown,Right,20.0,20.06,-2.277
34331,2S,EE,Brown,Right,20.0,20.122,-2.225
34331,2S,WW,Brown,Right,20.0,20.058,-2.235
34331,2S,EE,Brown,Right,20.0,20.019,-2.225
34331,2S,WW,Brown,Right,20.0,20.035,-2.266
34331,2S,EE,Brown,Right,20.0,20.106,-2.288
34331,2S,WW,Brown,Right,20.0,20.052,-2.347
34340,PSS,EE,Brown,Right,20.0,20.003,-2.382
34340,PSS,WW,Brown,Right,20.0,20.007,-2.39
34340,PSS,EE,Brown,Right,20.0,20.049,-2.3
34340,PSS,WW,Brown,Right,20.0,20.004,-2.374
34340,PSS,EE,Brown,Right,20.0,20.001,-2.313
34340,PSS,WW,Brown,Right,20.0,20.005,-2.393
34340,PSS,EE,Brown,Right,20.0,20.029,-2.387
34340,PSS,WW,Brown,Right,20.0,20.002,-2.4
34340,PSS,EE,Brown,Right,20.0,20.001,-2.322
34340,PSS,WW,Brown,Right,20.0,20.008,-2.378
34340,PSS,EE,Brown,Right,20.0,20.056,-2.377
34340,PSS,WW,Brown,Right,20.0,20.007,-2.421
34340,PSS,EE,Brown,Right,20.0,20.004,-2.336
34340,PSS,WW,Brown,Right,20.0,20.005,-2.387
34340,PSS,EE,Brown,Right,20.0,20.05,-2.317
34340,PSS,WW,Brown,Right,20.0,20.013,-2.381
34340,PSS,EE,Brown,Right,20.0,20.003,-2.349
34340,PSS,WW,Brown,Right,20.0,20.008,-2.398
34340,PSS,EE,Brown,Right,20.0,20.055,-2.388
34340,PSS,WW,Brown,Right,20.0,20.008,-2.401
34340,PSS,EE,Brown,Right,20.0,20.002,-2.283
34340,PSS,WW,Brown,Right,20.0,20.005,-2.333
34340,PSS,EE,Brown,Right,20.0,20.082,-2.298
34340,PSS,WW,Brown,Right,20.0,20.018,-2.362
34340,PSS,EE,Brown,Right,20.0,20.001,-2.274
34340,PSS,WW,Brown,Right,20.0,20.003,-2.356
34340,PSS,EE,Brown,Right,20.0,20.05,-2.278
34340,PSS,WW,Brown,Right,20.0,20.009,-2.305
34340,PSS,EE,Brown,Right,20.0,20.001,-2.282
34340,PSS,WW,Brown,Right,20.0,20.006,-2.328
34340,PSS,EE,Brown,Right,20.0,20.06,-2.303
34340,PSS,WW,Brown,Right,20.0,20.016,-2.333
34340,PSS,EE,Brown,Right,20.0,20.004,-2.295
34254,PSS,EE,Brown,Right,20.0,20.004,-2.295
34254,PSS,WW,Brown,Right,20.0,20.008,-2.302
34254,PSS,EE,Brown,Right,20.0,20.063,-2.283
34254,PSS,WW,Brown,Right,20.0,20.012,-2.309
34254,PSS,EE,Brown,Right,20.0,20.005,-2.294
34254,PSS,WW,Brown,Right,20.0,20.013,-2.315
34254,PSS,EE,Brown,Right,20.0,20.068,-2.285
34254,PSS,WW,Brown,Right,20.0,20.018,-2.296
34254,PSS,EE,Brown,Right,20.0,20.008,-2.302
34254,PSS,WW,Brown,Right,20.0,20.03,-2.341
34254,PSS,EE,Brown,Right,20.0,20.078,-2.275
34254,PSS,WW,Brown,Right,20.0,20.02,-2.304
34254,PSS,EE,Brown,Right,20.0,20.005,-2.292
34254,PSS,WW,Brown,Right,20.0,20.003,-2.334
34254,PSS,EE,Brown,Right,20.0,20.009,-2.3
34254,PSS,WW,Brown,Right,20.0,20.003,-2.33
34254,PSS,EE,Brown,Right,20.0,20.003,-2.291
34254,PSS,WW,Brown,Right,20.0,20.003,-2.309
34254,PSS,EE,Brown,Right,20.0,20.008,-2.32
34254,PSS,WW,Brown,Right,20.0,20.003,-2.355
34254,PSS,EE,Brown,Right,20.0,20.004,-2.327
34254,PSS,WW,Brown,Right,20.0,20.002,-2.374
34254,PSS,EE,Brown,Right,20.0,20.011,-2.382
34254,PSS,WW,Brown,Right,20.0,19.977,-2.345
34254,PSS,EE,Brown,Right,20.0,20.001,-2.359
34254,PSS,WW,Brown,Right,20.0,20.001,-2.391
34254,PSS,EE,Brown,Right,20.0,20.008,-2.355
34254,PSS,WW,Brown,Right,20.0,20.002,-2.379
34254,PSS,EE,Brown,Right,20.0,20.003,-2.328
34254,PSS,WW,Brown,Right,20.0,20.002,-2.359
34254,PSS,EE,Brown,Right,20.0,20.017,-2.344
34254,PSS,WW,Brown,Right,20.0,20.004,-2.341
34254,PSS,EE,Brown,Right,20.0,20.002,-2.352
34254,PSS,WW,Brown,Right,20.0,20.003,-2.335
34254,PSS,EE,Brown,Right,20.0,20.011,-2.192
34254,PSS,WW,Brown,Right,20.0,20.002,-2.198
34254,PSS,EE,Brown,Right,20.0,20.001,-2.15
34254,PSS,WW,Brown,Right,20.0,20.004,-2.178
34254,PSS,EE,Brown,Right,20.0,20.024,-2.164
34254,PSS,WW,Brown,Right,20.0,20.006,-2.176
34254,PSS,EE,Brown,Right,20.0,20.003,-2.171
34254,PSS,WW,Brown,Right,20.0,20.002,-2.202
34254,PSS,EE,Brown,Right,20.0,20.012,-2.176
34254,PSS,WW,Brown,Right,20.0,20.002,-2.226
34254,PSS,EE,Brown,Right,20.0,20.004,-2.186
34254,PSS,WW,Brown,Right,20.0,20.027,-2.216
34254,PSS,EE,Brown,Right,20.0,20.082,-2.192
34254,PSS,WW,Brown,Right,20.0,20.031,-2.207
34254,PSS,EE,Brown,Right,20.0,20.001,-2.218
34254,PSS,WW,Brown,Right,20.0,20.003,-2.283
34254,PSS,EE,Brown,Right,20.0,20.015,-2.22
34254,PSS,WW,Brown,Right,20.0,20.001,-2.257
34254,PSS,EE,Brown,Right,20.0,20.001,-2.196
34254,PSS,WW,Brown,Right,20.0,20.002,-2.248
34254,PSS,EE,Brown,Right,20.0,20.013,-2.213
34254,PSS,WW,Brown,Right,20.0,20.002,-2.271
34340,PSS,WW,Brown,Right,20.0,20.013,-2.319
34340,PSS,EE,Brown,Right,20.0,20.067,-2.275
34340,PSS,WW,Brown,Right,20.0,20.013,-2.331
34340,PSS,EE,Brown,Right,20.0,20.002,-2.302
34340,PSS,WW,Brown,Right,20.0,20.014,-2.375
34340,PSS,EE,Brown,Right,20.0,20.081,-2.294
34340,PSS,WW,Brown,Right,20.0,20.019,-2.38
34353,2S,EE,Brown,Right,20.0,20.003,-2.207
34353,2S,WW,Brown,Right,20.0,20.032,-2.215
34353,2S,EE,Brown,Right,20.0,20.089,-2.35
34353,2S,WW,Brown,Right,20.0,20.043,-2.298
34353,2S,EE,Brown,Right,20.0,20.009,-2.367
34353,2S,WW,Brown,Right,20.0,20.042,-2.327
34353,2S,EE,Brown,Right,20.0,20.101,-2.4
34353,2S,WW,Brown,Right,20.0,20.055,-2.313
34353,2S,EE,Brown,Right,20.0,20.024,-2.412
34353,2S,WW,Brown,Right,20.0,20.057,-2.383
34353,2S,EE,Brown,Right,20.0,20.104,-2.457
34353,2S,WW,Brown,Right,20.0,20.047,-2.409
34353,2S,EE,Brown,Right,20.0,20.004,-2.273
34353,2S,WW,Brown,Right,20.0,20.027,-2.222
34353,2S,EE,Brown,Right,20.0,20.091,-2.199
34353,2S,WW,Brown,Right,20.0,20.052,-2.241
34353,2S,EE,Brown,Right,20.0,20.012,-2.244
34353,2S,WW,Brown,Right,20.0,20.043,-2.245
34353,2S,EE,Brown,Right,20.0,20.09,-2.258
34353,2S,WW,Brown,Right,20.0,20.036,-2.278
34353,2S,EE,Brown,Right,20.0,20.002,-2.206
34353,2S,WW,Brown,Right,20.0,20.002,-2.245
34353,2S,EE,Brown,Right,20.0,20.012,-2.191
34353,2S,WW,Brown,Right,20.0,20.002,-2.248
34353,2S,EE,Brown,Right,20.0,20.001,-2.29
34353,2S,WW,Brown,Right,20.0,20.003,-2.306
34353,2S,EE,Brown,Right,20.0,20.019,-2.284
34353,2S,WW,Brown,Right,20.0,20.004,-2.317
34353,2S,EE,Brown,Right,20.0,20.003,-2.299
34353,2S,WW,Brown,Right,20.0,20.002,-2.277
34353,2S,EE,Brown,Right,20.0,20.015,-2.279
34353,2S,WW,Brown,Right,20.0,20.001,-2.287
34359,2S,EE,Brown,Left,20.0,20.003,-2.218
34359,2S,WW,Brown,Right,20.0,20.002,-2.237
34359,2S,EE,Brown,Right,20.0,20.004,-2.193
34359,2S,WW,Brown,Right,20.0,20.002,-2.229
34359,2S,EE,Brown,Right,20.0,20.001,-2.183
34359,2S,WW,Brown,Right,20.0,20.003,-2.204
34359,2S,EE,Brown,Right,20.0,20.011,-2.181
34359,2S,WW,Brown,Right,20.0,20.003,-2.24
34359,2S,EE,Brown,Right,20.0,20.002,-2.2
34359,2S,WW,Brown,Right,20.0,20.003,-2.269
34359,2S,EE,Brown,Right,20.0,20.014,-2.216
34359,2S,WW,Brown,Right,20.0,20.002,-2.271
34359,2S,EE,Brown,Right,20.0,20.003,-2.242
34359,2S,WW,Brown,Right,20.0,20.002,-2.291
34359,2S,EE,Brown,Right,20.0,20.008,-2.216
34359,2S,WW,Brown,Right,20.0,20.001,-2.276
34359,2S,EE,Brown,Right,20.0,20.002,-2.273
34359,2S,WW,Brown,Right,20.0,20.002,-2.293
34359,2S,EE,Brown,Right,20.0,20.01,-2.283
34359,2S,WW,Brown,Right,20.0,20.002,-2.291
34359,2S,EE,Brown,Left,20.0,20.004,-2.077
34359,2S,WW,Brown,Right,20.0,20.004,-2.056
34359,2S,EE,Brown,Left,20.0,20.023,-2.073
34359,2S,WW,Brown,Right,20.0,20.002,-2.039
34359,2S,EE,Brown,Left,20.0,20.004,-2.132
34359,2S,WW,Brown,Right,20.0,20.001,-2.114
34359,2S,EE,Brown,Right,20.0,20.009,-2.138
34359,2S,WW,Brown,Right,20.0,20.002,-2.185
34341,PSS,EE,Brown,Right,20.0,20.062,-2.617
34341,PSS,WW,Brown,Right,20.0,20.023,-2.538
34341,PSS,EE,Brown,Right,20.0,20.005,-2.655
34341,PSS,WW,Brown,Right,20.0,20.003,-2.572
34341,PSS,EE,Brown,Right,20.0,20.015,-2.637
34341,PSS,WW,Brown,Right,20.0,20.046,-2.568
34341,PSS,EE,Brown,Right,20.0,20.104,-2.673
34341,PSS,WW,Brown,Right,20.0,20.046,-2.569
34341,PSS,EE,Brown,Right,20.0,20.01,-2.641
34341,PSS,WW,Brown,Right,20.0,20.043,-2.563
34341,PSS,EE,Brown,Right,20.0,20.103,-2.624
34341,PSS,WW,Brown,Right,20.0,20.049,-2.535
34341,PSS,EE,Brown,Right,20.0,20.009,-2.63
34341,PSS,WW,Brown,Right,20.0,20.04,-2.535
34341,PSS,EE,Brown,Right,20.0,20.095,-2.609
34341,PSS,WW,Brown,Right,20.0,20.041,-2.512
34341,PSS,EE,Brown,Right,20.0,20.004,-2.682
34341,PSS,WW,Brown,Right,20.0,20.017,-2.601
34341,PSS,EE,Brown,Right,20.0,20.076,-2.659
34341,PSS,WW,Brown,Right,20.0,20.026,-2.585
34341,PSS,EE,Brown,Right,20.0,20.007,-2.69
34341,PSS,WW,Brown,Right,20.0,20.035,-2.617
34341,PSS,EE,Brown,Right,20.0,20.104,-2.705
34341,PSS,WW,Brown,Right,20.0,20.054,-2.647
34341,PSS,EE,Brown,Right,20.0,20.003,-2.684
34341,PSS,WW,Brown,Right,20.0,20.02,-2.595
34341,PSS,EE,Brown,Right,20.0,20.082,-2.489
34341,PSS,WW,Brown,Right,20.0,20.042,-2.479
34341,PSS,EE,Brown,Right,20.0,20.003,-2.462
34341,PSS,WW,Brown,Right,20.0,20.016,-2.44
34341,PSS,EE,Brown,Right,20.0,20.065,-2.418
34341,PSS,WW,Brown,Right,20.0,20.016,-2.47
34341,PSS,EE,Brown,Right,20.0,20.013,-2.487
34341,PSS,WW,Brown,Right,20.0,20.04,-2.484
34341,PSS,EE,Brown,Right,20.0,20.093,-2.469
34341,PSS,WW,Brown,Right,20.0,20.037,-2.471
34341,PSS,EE,Brown,Right,20.0,20.039,-2.466
34341,PSS,WW,Brown,Right,20.0,20.055,-2.441
34341,PSS,EE,Brown,Right,20.0,20.105,-2.486
34341,PSS,WW,Brown,Right,20.0,20.05,-2.482
34343,PSS,EE,Brown,Right,20.0,20.003,-2.378
34343,PSS,WW,Brown,Right,20.0,20.012,-2.391
34343,PSS,EE,Brown,Right,20.0,20.067,-2.323
34343,PSS,WW,Brown,Right,20.0,20.026,-2.392
34343,PSS,EE,Brown,Right,20.0,20.063,-2.317
34343,PSS,WW,Brown,Right,20.0,20.017,-2.377
34343,PSS,EE,Brown,Right,20.0,20.003,-2.371
34343,PSS,WW,Brown,Right,20.0,20.012,-2.379
34343,PSS,EE,Brown,Right,20.0,20.002,-2.285
34343,PSS,WW,Brown,Right,20.0,20.044,-2.387
34343,PSS,EE,Brown,Right,20.0,20.046,-2.318
34343,PSS,WW,Brown,Right,20.0,20.038,-2.376
34343,PSS,EE,Brown,Right,20.0,20.004,-2.347
34343,PSS,WW,Brown,Right,20.0,20.01,-2.399
34343,PSS,EE,Brown,Right,20.0,20.058,-2.418
34343,PSS,WW,Brown,Right,20.0,20.014,-2.474
34343,PSS,EE,Brown,Right,20.0,20.022,-2.37
34343,PSS,WW,Brown,Right,20.0,20.066,-2.408
34343,PSS,EE,Brown,Right,20.0,20.124,-2.389
34343,PSS,WW,Brown,Right,20.0,20.071,-2.423
34343,PSS,EE,Brown,Right,20.0,20.01,-2.143
34343,PSS,WW,Brown,Right,20.0,20.026,-2.215
34343,PSS,EE,Brown,Right,20.0,20.074,-2.187
34343,PSS,WW,Brown,Right,20.0,20.021,-2.225
34343,PSS,EE,Brown,Right,20.0,20.014,-2.232
34343,PSS,WW,Brown,Right,20.0,20.065,-2.273
34343,PSS,EE,Brown,Right,20.0,20.131,-2.232
34343,PSS,WW,Brown,Right,20.0,20.083,-2.303
34343,PSS,EE,Brown,Right,20.0,20.003,-2.174
34343,PSS,WW,Brown,Right,20.0,20.019,-2.292
34343,PSS,EE,Brown,Right,20.0,20.081,-2.192
34343,PSS,WW,Brown,Right,20.0,20.035,-2.245
34343,PSS,EE,Brown,Right,20.0,20.031,-2.237
34343,PSS,WW,Brown,Right,20.0,20.09,-2.352
34343,PSS,EE,Brown,Right,20.0,20.152,-2.262
34343,PSS,WW,Brown,Right,20.0,20.098,-2.377
34343,PSS,EE,Brown,Right,20.0,20.012,-2.269
34343,PSS,WW,Brown,Right,20.0,20.028,-2.288
34343,PSS,EE,Brown,Right,20.0,20.076,-2.286
34343,PSS,WW,Brown,Right,20.0,20.022,-2.354
35722,2S,EE,Brown,Right,20.0,20.038,-2.192
35722,2S,WW,Brown,Right,20.0,20.009,-2.22
35722,2S,EE,Brown,Right,20.0,20.002,-2.113
35722,2S,WW,Brown,Right,20.0,20.002,-2.18
35722,2S,EE,Brown,Right,20.0,20.049,-2.085
35722,2S,WW,Brown,Right,20.0,20.031,-2.153
35722,2S,EE,Brown,Right,20.0,20.031,-2.028
35722,2S,WW,Brown,Right,20.0,20.01,-2.123
35722,2S,EE,Brown,Right,20.0,20.004,-1.901
35722,2S,WW,Brown,Right,20.0,20.012,-2.072
35722,2S,EE,Brown,Right,20.0,20.002,-1.965
35722,2S,WW,Brown,Right,20.0,20.005,-2.049
35722,2S,EE,Brown,Right,20.0,20.051,-1.925
35722,2S,WW,Brown,Right,20.0,20.019,-1.978
35722,2S,EE,Brown,Right,20.0,20.037,-1.949
35722,2S,WW,Brown,Right,20.0,20.003,-1.989
35952,2S,EE,Brown,Right,20.0,20.003,-2.395
35952,2S,WW,Brown,Right,20.0,20.014,-2.395
35952,2S,EE,Brown,Right,20.0,20.016,-2.423
35952,2S,WW,Brown,Right,20.0,20.023,-2.433
35717,2S,EE,Brown,Right,20.0,20.01,-2.084
35717,2S,WW,Brown,Right,20.0,20.037,-2.165
35717,2S,EE,Brown,Right,20.0,20.02,-2.102
35717,2S,WW,Brown,Right,20.0,20.039,-2.107
35717,2S,EE,Brown,Right,20.0,20.089,-2.152
35717,2S,WW,Brown,Right,20.0,20.069,-2.162
35717,2S,EE,Brown,Right,20.0,20.092,-2.131
35717,2S,WW,Brown,Right,20.0,20.052,-2.173
35717,2S,EE,Brown,Right,20.0,20.008,-2.173
35717,2S,WW,Brown,Right,20.0,20.043,-2.216
35717,2S,EE,Brown,Right,20.0,20.066,-2.019
35717,2S,WW,Brown,Right,20.0,20.064,-2.047
35717,2S,EE,Brown,Right,20.0,20.092,-1.98
35717,2S,WW,Brown,Right,20.0,20.073,-2.008
35717,2S,EE,Brown,Right,20.0,20.111,-1.913
35717,2S,WW,Brown,Right,20.0,20.067,-1.983
35717,2S,EE,Brown,Right,20.0,20.049,-2.011
35717,2S,WW,Brown,Right,20.0,20.06,-2.049
35717,2S,EE,Brown,Right,20.0,20.096,-2.065
35717,2S,WW,Brown,Right,20.0,20.065,-2.119
35718,2S,EE,Brown,Right,20.0,20.068,-2.095
35718,2S,WW,Brown,Right,20.0,20.07,-2.147
35718,2S,EE,Brown,Right,20.0,20.002,-2.139
35718,2S,WW,Brown,Right,20.0,20.009,-2.208
35718,2S,EE,Brown,Right,20.0,20.115,-2.166
35718,2S,WW,Brown,Right,20.0,20.089,-2.191
35718,2S,EE,Brown,Right,20.0,20.046,-2.13
35718,2S,WW,Brown,Right,20.0,20.009,-2.2
35718,2S,EE,Brown,Right,20.0,20.065,-1.978
35718,2S,WW,Brown,Right,20.0,20.061,-1.995
35718,2S,EE,Brown,Right,20.0,20.007,-1.935
35718,2S,WW,Brown,Right,20.0,20.054,-2.021
35718,2S,EE,Brown,Right,20.0,20.113,-1.911
35718,2S,WW,Brown,Right,20.0,20.08,-2.004
35718,2S,EE,Brown,Right,20.0,20.104,-2.011
35718,2S,WW,Brown,Right,20.0,20.063,-2.072
35952,2S,EE,Brown,Right,20.0,20.071,-2.462
35952,2S,WW,Brown,Right,20.0,20.047,-2.45
35952,2S,EE,Brown,Right,20.0,20.072,-2.499
35952,2S,WW,Brown,Right,20.0,20.091,-2.52
35952,2S,EE,Brown,Right,20.0,20.003,-2.482
35952,2S,WW,Brown,Right,20.0,20.013,-2.518
35952,2S,EE,Brown,Right,20.0,20.008,-2.219
35952,2S,WW,Brown,Right,20.0,20.027,-2.27
35952,2S,EE,Brown,Right,20.0,20.066,-2.239
35952,2S,WW,Brown,Right,20.0,20.044,-2.286
35952,2S,EE,Brown,Right,20.0,20.079,-2.31
35952,2S,WW,Brown,Right,20.0,20.035,-2.386
35952,2S,EE,Brown,Right,20.0,20.003,-2.359
35952,2S,WW,Brown,Right,20.0,20.006,-2.398
35952,2S,EE,Brown,Right,20.0,20.041,-2.378
35952,2S,WW,Brown,Right,20.0,20.019,-2.389
35963,2S,EE,Brown,Right,20.0,20.003,-2.406
35963,2S,WW,Brown,Right,20.0,20.003,-2.314
35963,2S,EE,Brown,Right,20.0,20.045,-2.441
35963,2S,WW,Brown,Right,20.0,20.01,-2.399
35963,2S,EE,Brown,Right,20.0,20.011,-2.194
35963,2S,WW,Brown,Right,20.0,20.002,-2.186
35963,2S,EE,Brown,Right,20.0,20.031,-2.238
35963,2S,WW,Brown,Right,20.0,20.004,-2.182
35963,2S,EE,Brown,Right,20.0,20.002,-2.278
35963,2S,WW,Brown,Right,20.0,20.004,-2.194
35963,2S,EE,Brown,Right,20.0,20.002,-2.278
35963,2S,WW,Brown,Right,20.0,20.002,-2.288
35963,2S,EE,Brown,Right,20.0,20.018,-2.281
35963,2S,WW,Brown,Right,20.0,20.006,-2.285
35963,2S,EE,Brown,Right,20.0,20.013,-2.29
35963,2S,WW,Brown,Right,20.0,20.002,-2.275
35963,2S,EE,Brown,Right,20.0,20.004,-2.292
35963,2S,WW,Brown,Right,20.0,20.006,-2.296
36238,2S,EE,Brown,Right,20.0,20.004,-2.344
36238,2S,WW,Brown,Right,20.0,20.003,-2.307
36238,2S,EE,Brown,Right,20.0,20.002,-2.39
36238,2S,WW,Brown,Right,20.0,20.004,-2.374
36238,2S,EE,Brown,Right,20.0,20.013,-2.409
36238,2S,WW,Brown,Right,20.0,20.004,-2.382
36238,2S,EE,Brown,Right,20.0,20.016,-2.385
36238,2S,WW,Brown,Right,20.0,20.003,-2.375
36238,2S,EE,Brown,Right,20.0,20.001,-2.445
36238,2S,WW,Brown,Right,20.0,20.002,-2.379
36238,2S,EE,Brown,Right,20.0,20.003,-2.25
36238,2S,WW,Brown,Right,20.0,20.004,-2.218
36238,2S,EE,Brown,Right,20.0,20.01,-2.189
36238,2S,WW,Brown,Right,20.0,20.002,-2.248
36238,2S,EE,Brown,Right,20.0,20.011,-2.288
36238,2S,WW,Brown,Right,20.0,20.002,-2.282
36238,2S,EE,Brown,Right,20.0,20.025,-2.299
36238,2S,WW,Brown,Right,20.0,20.004,-2.29
36245,2S,EE,Brown,Right,20.0,20.003,-1.961
36245,2S,WW,Brown,Right,20.0,20.002,-1.784
36245,2S,EE,Brown,Right,20.0,20.002,-1.835
36245,2S,WW,Brown,Right,20.0,20.002,-1.699
36245,2S,EE,Brown,Right,20.0,20.004,-1.929
36245,2S,WW,Brown,Right,20.0,20.004,-1.694
36245,2S,EE,Brown,Right,20.0,20.002,-2.028
36245,2S,WW,Brown,Right,20.0,20.003,-1.884
36245,2S,EE,Brown,Right,20.0,20.002,-1.685
36245,2S,WW,Brown,Right,20.0,20.001,-1.573
36245,2S,EE,Brown,Right,20.0,20.003,-1.655
36245,2S,WW,Brown,Right,20.0,20.002,-1.519
36245,2S,EE,Brown,Right,20.0,20.003,-1.766
36245,2S,WW,Brown,Right,20.0,20.002,-1.631
36245,2S,EE,Brown,Right,20.0,20.003,-1.797
36245,2S,WW,Brown,Right,20.0,20.002,-1.779
36245,2S,EE,Brown,Right,20.0,20.004,-1.845
36245,2S,WW,Brown,Right,20.0,20.003,-1.834
35500,PSP,EE,Brown,Right,20.0,20.028,-4.118
35500,PSP,WW,Brown,Right,20.0,20.044,-4.613
35500,PSP,EE,Brown,Right,20.0,20.022,-4.089
35500,PSP,WW,Brown,Right,20.0,20.047,-4.577
35500,PSP,EE,Brown,Right,20.0,20.094,-4.244
35500,PSP,WW,Brown,Right,20.0,20.053,-4.633
35500,PSP,EE,Brown,Right,20.0,20.091,-4.288
35500,PSP,WW,Brown,Right,20.0,20.045,-4.615
35500,PSP,EE,Brown,Right,20.0,20.005,-4.227
35500,PSP,WW,Brown,Right,20.0,20.031,-4.558
35500,PSP,EE,Brown,Right,20.0,20.031,-3.647
35500,PSP,WW,Brown,Right,20.0,20.031,-4.557
35500,PSP,EE,Brown,Right,20.0,20.088,-3.731
35500,PSP,WW,Brown,Right,20.0,20.054,-4.423
35500,PSP,EE,Brown,Right,20.0,20.077,-3.705
35500,PSP,WW,Brown,Right,20.0,20.035,-4.445
35500,PSP,EE,Brown,Right,20.0,20.005,-3.794
35500,PSP,WW,Brown,Right,20.0,20.029,-4.418
35500,PSP,EE,Brown,Right,20.0,20.077,-3.695
35500,PSP,WW,Brown,Right,20.0,20.033,-4.389
35501,PSP,EE,Brown,Right,20.0,20.001,-3.108
35501,PSP,WW,Brown,Right,20.0,20.028,-4.028
35501,PSP,EE,Brown,Right,20.0,20.025,-3.132
35501,PSP,WW,Brown,Right,20.0,20.04,-4.007
35501,PSP,EE,Brown,Right,20.0,20.072,-3.275
35501,PSP,WW,Brown,Right,20.0,20.053,-4.18
35501,PSP,EE,Brown,Right,20.0,20.081,-3.353
35501,PSP,WW,Brown,Right,20.0,20.037,-4.206
35501,PSP,EE,Brown,Right,20.0,20.003,-3.438
35501,PSP,WW,Brown,Right,20.0,20.008,-4.3
35501,PSP,EE,Brown,Right,20.0,20.005,-3.107
35501,PSP,WW,Brown,Right,20.0,20.021,-3.889
35501,PSP,EE,Brown,Right,20.0,20.017,-3.053
35501,PSP,WW,Brown,Right,20.0,20.052,-3.913
35501,PSP,EE,Brown,Right,20.0,20.071,-3.092
35501,PSP,WW,Brown,Right,20.0,20.031,-4.115
35501,PSP,EE,Brown,Right,20.0,20.004,-3.094
35501,PSP,WW,Brown,Right,20.0,20.009,-4.095
35501,PSP,EE,Brown,Right,20.0,20.06,-3.152
35501,PSP,WW,Brown,Right,20.0,20.03,-4.102
36696,PSS,EE,Brown,Right,20.0,20.003,-2.57
36696,PSS,WW,Brown,Right,20.0,20.005,-2.473
36696,PSS,EE,Brown,Right,20.0,20.011,-2.474
36696,PSS,WW,Brown,Right,20.0,20.025,-2.424
36696,PSS,EE,Brown,Right,20.0,20.01,-2.527
36696,PSS,WW,Brown,Right,20.0,20.004,-2.481
36696,PSS,EE,Brown,Right,20.0,20.066,-2.539
36696,PSS,WW,Brown,Right,20.0,20.023,-2.484
36696,PSS,EE,Brown,Right,20.0,20.001,-2.509
36696,PSS,WW,Brown,Right,20.0,20.002,-2.45
36696,PSS,EE,Brown,Right,20.0,20.003,-2.3
36696,PSS,WW,Brown,Right,20.0,20.005,-2.302
36696,PSS,EE,Brown,Right,20.0,20.023,-2.319
36696,PSS,WW,Brown,Right,20.0,20.007,-2.334
36696,PSS,EE,Brown,Right,20.0,20.033,-2.384
36696,PSS,WW,Brown,Right,20.0,20.01,-2.306
36696,PSS,EE,Brown,Right,20.0,20.003,-2.422
36696,PSS,WW,Brown,Right,20.0,20.01,-2.353
36697,PSS,EE,Brown,Right,20.0,20.003,-1.561
36697,PSS,WW,Brown,Right,20.0,20.003,-1.42
36697,PSS,WW,Brown,Right,20.0,20.004,-1.526
36697,PSS,EE,Brown,Right,20.0,20.006,-1.713
36697,PSS,WW,Brown,Right,20.0,20.002,-1.554
36697,PSS,EE,Brown,Right,20.0,20.064,-1.626
36697,PSS,WW,Brown,Right,20.0,20.003,-1.481
36697,PSS,EE,Brown,Right,20.0,20.003,-1.704
36697,PSS,WW,Brown,Right,20.0,20.002,-1.48
36697,PSS,EE,Brown,Right,20.0,20.003,-1.482
36697,PSS,WW,Brown,Right,20.0,20.003,-1.281
36697,PSS,EE,Brown,Right,20.0,20.007,-1.423
36697,PSS,WW,Brown,Right,20.0,20.003,-1.28
36697,PSS,EE,Brown,Right,20.0,20.012,-1.618
36697,PSS,WW,Brown,Right,20.0,20.003,-1.415
36697,PSS,EE,Brown,Right,20.0,20.049,-1.584
36697,PSS,WW,Brown,Right,20.0,20.012,-1.433
36246,2S,EE,Brown,Right,20.0,20.359,-2.221
36246,2S,WW,Brown,Right,20.0,20.411,-2.181
36246,2S,EE,Brown,Right,20.0,20.35,-2.144
36246,2S,WW,Brown,Right,20.0,20.504,-2.194
36246,2S,EE,Brown,Right,20.0,20.402,-2.179
36246,2S,WW,Brown,Right,20.0,20.104,-2.218
36246,2S,EE,Brown,Right,20.0,20.625,-2.25
36246,2S,WW,Brown,Right,20.0,20.635,-2.214
36246,2S,EE,Brown,Right,20.0,20.013,-2.297
36246,2S,WW,Brown,Right,20.0,20.024,-2.291
36246,2S,EE,Brown,Right,20.0,20.051,-1.985
36246,2S,WW,Brown,Right,20.0,20.068,-2.079
36246,2S,EE,Brown,Right,20.0,20.087,-2.084
36246,2S,WW,Brown,Right,20.0,20.093,-2.085
36246,2S,EE,Brown,Right,20.0,20.096,-2.067
36246,2S,WW,Brown,Right,20.0,20.06,-2.119
36246,2S,EE,Brown,Right,20.0,20.049,-2.17
36246,2S,WW,Brown,Right,20.0,20.065,-2.195
36706,2S,EE,Brown,Right,20.0,20.036,-2.277
36706,2S,WW,Brown,Right,20.0,20.153,-2.177
36706,2S,EE,Brown,Right,20.0,20.03,-2.247
36706,2S,WW,Brown,Right,20.0,20.018,-2.27
36706,2S,EE,Brown,Left,20.0,20.218,-2.221
36706,2S,WW,Brown,Right,20.0,20.071,-2.265
36706,2S,WW,Brown,Left,20.0,20.21,-2.283
36706,2S,EE,Brown,Right,20.0,20.04,-2.271
36706,2S,WW,Brown,Right,20.0,20.038,-2.23
36706,2S,EE,Brown,Right,20.0,20.025,-2.191
36706,2S,WW,Brown,Right,20.0,20.027,-2.0
36706,2S,EE,Brown,Right,20.0,20.036,-2.069
36706,2S,WW,Brown,Right,20.0,20.047,-2.04
36795,2S,EE,Brown,Right,20.0,20.052,-2.408
36795,2S,WW,Brown,Right,20.0,20.054,-2.38
36795,2S,EE,Brown,Right,20.0,20.047,-2.406
36795,2S,WW,Brown,Right,20.0,20.056,-2.394
36795,2S,EE,Brown,Right,20.0,20.072,-2.423
36795,2S,WW,Brown,Right,20.0,20.056,-2.392
36795,2S,EE,Brown,Right,20.0,20.071,-2.424
36795,2S,WW,Brown,Right,20.0,20.069,-2.382
36795,2S,EE,Brown,Right,20.0,20.042,-2.2
36795,2S,WW,Brown,Right,20.0,20.025,-2.242
36795,2S,EE,Brown,Right,20.0,20.046,-2.253
36795,2S,WW,Brown,Right,20.0,20.058,-2.277
36795,2S,EE,Brown,Right,20.0,20.054,-2.237
36795,2S,WW,Brown,Right,20.0,20.056,-2.276
36795,2S,EE,Brown,Right,20.0,20.081,-2.275
36795,2S,WW,Brown,Right,20.0,20.068,-2.28
36796,2S,EE,Brown,Right,20.0,20.007,-2.116
36796,2S,WW,Brown,Right,20.0,20.017,-2.151
36796,2S,EE,Brown,Right,20.0,20.035,-2.088
36796,2S,WW,Brown,Right,20.0,20.049,-2.119
36796,2S,EE,Brown,Right,20.0,20.08,-2.232
36796,2S,WW,Brown,Right,20.0,20.072,-2.272
36796,2S,EE,Brown,Right,20.0,20.097,-2.177
36796,2S,WW,Brown,Right,20.0,20.071,-2.18
36796,2S,EE,Brown,Right,20.0,20.061,-1.878
36796,2S,WW,Brown,Right,20.0,20.033,-1.976
36796,2S,EE,Brown,Right,20.0,20.04,-1.982
36796,2S,WW,Brown,Right,20.0,20.027,-2.025
36796,2S,EE,Brown,Right,20.0,20.054,-2.073
36796,2S,WW,Brown,Right,20.0,20.067,-2.09
36796,2S,EE,Brown,Right,20.0,20.072,-1.992
36796,2S,WW,Brown,Right,20.0,20.051,-2.046
36797,2S,EE,Brown,Right,20.0,20.025,-2.463
36797,2S,WW,Brown,Right,20.0,20.045,-2.456
36797,2S,EE,Brown,Right,20.0,20.035,-2.412
36797,2S,WW,Brown,Right,20.0,20.017,-2.484
36797,2S,EE,Brown,Right,20.0,20.033,-2.49
36797,2S,WW,Brown,Right,20.0,20.036,-2.481
36797,2S,EE,Brown,Right,20.0,20.027,-2.542
36797,2S,WW,Brown,Right,20.0,20.028,-2.514
36797,2S,EE,Brown,Right,20.0,20.079,-2.506
36797,2S,WW,Brown,Right,20.0,20.027,-2.509
36797,2S,EE,Brown,Right,20.0,20.054,-2.334
36797,2S,WW,Brown,Right,20.0,20.042,-2.345
36797,2S,EE,Brown,Right,20.0,20.04,-2.395
36797,2S,WW,Brown,Right,20.0,20.051,-2.438
36797,2S,EE,Brown,Right,20.0,20.043,-2.374
36797,2S,WW,Brown,Right,20.0,20.023,-2.35
37087,2S,EE,Brown,Right,20.0,20.011,-2.287
37087,2S,WW,Brown,Right,20.0,20.06,-2.296
37087,2S,EE,Brown,Right,20.0,20.145,-2.286
37087,2S,WW,Brown,Right,20.0,20.173,-2.346
37087,2S,EE,Brown,Right,20.0,20.011,-2.33
37087,2S,WW,Brown,Right,20.0,20.09,-2.354
37087,2S,EE,Brown,Right,20.0,20.043,-2.312
37087,2S,WW,Brown,Right,20.0,20.094,-2.302
37087,2S,EE,Brown,Right,20.0,20.013,-2.127
37087,2S,WW,Brown,Right,20.0,20.019,-2.157
37087,2S,EE,Brown,Right,20.0,20.019,-2.167
37087,2S,WW,Brown,Right,20.0,20.111,-2.176
37087,2S,EE,Brown,Right,20.0,20.032,-2.198
37087,2S,WW,Brown,Right,20.0,20.07,-2.252
37087,2S,EE,Brown,Right,20.0,20.072,-2.203
37087,2S,WW,Brown,Right,20.0,20.058,-2.217
37088,2S,EE,Brown,Right,20.0,20.029,-2.003
37088,2S,WW,Brown,Right,20.0,20.043,-2.003
37088,2S,EE,Brown,Right,20.0,20.076,-1.967
37088,2S,WW,Brown,Right,20.0,20.025,-2.093
37088,2S,EE,Brown,Right,20.0,20.073,-2.131
37088,2S,WW,Brown,Right,20.0,20.064,-2.122
37088,2S,EE,Brown,Right,20.0,20.057,-2.155
37088,2S,WW,Brown,Right,20.0,20.077,-2.135
37088,2S,EE,Brown,Right,20.0,20.106,-2.183
37088,2S,WW,Brown,Right,20.0,20.065,-2.169
37088,2S,EE,Brown,Right,20.0,20.074,-1.866
37088,2S,WW,Brown,Right,20.0,20.062,-1.889
37088,2S,EE,Brown,Right,20.0,20.088,-1.891
37088,2S,WW,Brown,Right,20.0,20.095,-1.908
37088,2S,EE,Brown,Right,20.0,20.1,-1.874
37088,2S,WW,Brown,Right,20.0,20.07,-1.985
37398,PSS,EE,Brown,Right,20.0,20.046,-2.322
37398,PSS,WW,Brown,Right,20.0,20.047,-2.364
37398,PSS,EE,Brown,Right,20.0,20.01,-2.39
37398,PSS,WW,Brown,Right,20.0,20.028,-2.416
37398,PSS,EE,Brown,Right,20.0,20.07,-2.404
37398,PSS,WW,Brown,Right,20.0,20.088,-2.426
37398,PSS,EE,Brown,Right,20.0,20.05,-2.4
37398,PSS,WW,Brown,Right,20.0,20.05,-2.405
37398,PSS,EE,Brown,Right,20.0,20.05,-2.402
37398,PSS,WW,Brown,Right,20.0,20.048,-2.399
37398,PSS,EE,Brown,Right,20.0,20.038,-2.382
37398,PSS,WW,Brown,Right,20.0,20.057,-2.382
37398,PSS,EE,Brown,Right,20.0,20.058,-2.225
37398,PSS,WW,Brown,Right,20.0,20.061,-2.286
37398,PSS,EE,Brown,Right,20.0,20.07,-2.282
37398,PSS,WW,Brown,Right,20.0,20.061,-2.297
37399,PSS,EE,Brown,Right,20.0,20.033,-2.176
37399,PSS,WW,Brown,Right,20.0,20.051,-2.19
37399,PSS,EE,Brown,Right,20.0,20.053,-2.17
37399,PSS,WW,Brown,Right,20.0,20.047,-2.217
37399,PSS,EE,Brown,Right,20.0,20.071,-2.126
37399,PSS,WW,Brown,Right,20.0,20.049,-2.231
37399,PSS,EE,Brown,Right,20.0,20.04,-2.194
37399,PSS,WW,Brown,Right,20.0,20.064,-2.24
37399,PSS,EE,Brown,Right,20.0,20.035,-2.188
37399,PSS,WW,Brown,Right,20.0,20.032,-2.266
37399,PSS,EE,Brown,Right,20.0,20.042,-2.231
37399,PSS,WW,Brown,Right,20.0,20.026,-2.273
37399,PSS,EE,Brown,Right,20.0,20.056,-2.011
37399,PSS,WW,Brown,Right,20.0,20.058,-2.081
37399,PSS,EE,Brown,Right,20.0,20.052,-2.051
37399,PSS,WW,Brown,Right,20.0,20.074,-2.135
37406,2S,EE,Brown,Right,20.0,20.011,-2.323
37406,2S,WW,Brown,Right,20.0,20.023,-2.34
37406,2S,EE,Brown,Right,20.0,20.039,-2.373
37406,2S,WW,Brown,Right,20.0,20.021,-2.372
37406,2S,EE,Brown,Right,20.0,20.045,-2.401
37406,2S,WW,Brown,Right,20.0,20.04,-2.383
37406,2S,EE,Brown,Right,20.0,20.045,-2.379
37406,2S,WW,Brown,Right,20.0,20.046,-2.388
37406,2S,EE,Brown,Right,20.0,20.041,-2.195
37406,2S,WW,Brown,Right,20.0,20.028,-2.191
37406,2S,EE,Brown,Right,20.0,20.053,-2.233
37406,2S,WW,Brown,Right,20.0,20.049,-2.257
37406,2S,EE,Brown,Right,20.0,20.056,-2.286
37406,2S,WW,Brown,Right,20.0,20.069,-2.281
37406,2S,EE,Brown,Right,20.0,20.067,-2.341
37406,2S,WW,Brown,Right,20.0,20.052,-2.371
37407,2S,EE,Brown,Right,20.0,20.035,-2.612
37407,2S,WW,Brown,Right,20.0,20.034,-2.551
37407,2S,EE,Brown,Right,20.0,20.048,-2.592
37407,2S,WW,Brown,Right,20.0,20.054,-2.564
37407,2S,EE,Brown,Right,20.0,20.06,-2.606
37407,2S,WW,Brown,Right,20.0,20.072,-2.571
37407,2S,EE,Brown,Right,20.0,20.079,-2.622
37407,2S,WW,Brown,Right,20.0,19.996,-2.589
37407,2S,EE,Brown,Right,20.0,20.054,-2.647
37407,2S,WW,Brown,Right,20.0,20.085,-2.597
37407,2S,EE,Brown,Right,20.0,20.076,-2.427
37407,2S,WW,Brown,Right,20.0,20.05,-2.382
37407,2S,EE,Brown,Right,20.0,20.079,-2.443
37407,2S,WW,Brown,Right,20.0,20.066,-2.43
37407,2S,EE,Brown,Right,20.0,20.09,-2.463
37407,2S,WW,Brown,Right,20.0,20.075,-2.42
37895,PSS,EE,Brown,Right,20.0,20.038,-2.469
37895,PSS,WW,Brown,Right,20.0,20.05,-2.475
37895,PSS,EE,Brown,Right,20.0,20.015,-2.486
37895,PSS,WW,Brown,Right,20.0,20.02,-2.465
37895,PSS,EE,Brown,Right,20.0,20.074,-2.511
37895,PSS,WW,Brown,Right,20.0,20.069,-2.438
37895,PSS,EE,Brown,Right,20.0,20.043,-2.484
37895,PSS,WW,Brown,Right,20.0,20.04,-2.493
37895,PSS,EE,Brown,Right,20.0,20.04,-2.386
37895,PSS,WW,Brown,Right,20.0,20.087,-2.37
37895,PSS,EE,Brown,Right,20.0,20.042,-2.281
37895,PSS,WW,Brown,Right,20.0,20.09,-2.304
37895,PSS,EE,Brown,Right,20.0,20.079,-2.334
37895,PSS,WW,Brown,Right,20.0,20.06,-2.352
37895,PSS,EE,Brown,Right,20.0,20.093,-2.281
37895,PSS,WW,Brown,Right,20.0,20.073,-2.297
37903,2S,EE,Brown,Right,20.0,20.008,-1.719
37903,2S,WW,Brown,Right,20.0,20.013,-1.66
37903,2S,EE,Brown,Right,20.0,20.017,-1.695
37903,2S,WW,Brown,Right,20.0,20.062,-1.598
37903,2S,EE,Brown,Right,20.0,20.023,-1.743
37903,2S,WW,Brown,Right,20.0,20.047,-1.616
37903,2S,EE,Brown,Right,20.0,20.097,-1.816
37903,2S,WW,Brown,Right,20.0,20.06,-1.711
37903,2S,EE,Brown,Right,20.0,20.033,-1.622
37903,2S,WW,Brown,Right,20.0,20.031,-1.458
37903,2S,EE,Brown,Right,20.0,20.031,-1.672
37903,2S,WW,Brown,Right,20.0,20.066,-1.49
37903,2S,EE,Brown,Right,20.0,20.058,-1.703
37903,2S,WW,Brown,Right,20.0,20.058,-1.553
37903,2S,EE,Brown,Right,20.0,20.074,-1.594
37903,2S,WW,Brown,Right,20.0,20.078,-1.488
37896,PSS,EE,Brown,Right,20.0,20.063,-2.184
37896,PSS,WW,Brown,Right,20.0,20.046,-2.201
37896,PSS,EE,Brown,Right,20.0,20.064,-2.111
37896,PSS,WW,Brown,Right,20.0,20.045,-2.181
37896,PSS,EE,Brown,Right,20.0,20.08,-2.122
37896,PSS,WW,Brown,Right,20.0,20.064,-2.197
37896,PSS,EE,Brown,Right,20.0,20.06,-2.183
37896,PSS,WW,Brown,Right,20.0,20.066,-2.274
37896,PSS,EE,Brown,Right,20.0,20.029,-2.234
37896,PSS,WW,Brown,Right,20.0,20.04,-2.264
37896,PSS,EE,Brown,Right,20.0,20.02,-2.282
37896,PSS,WW,Brown,Right,20.0,20.053,-2.306
37896,PSS,EE,Brown,Right,20.0,20.072,-2.005
37896,PSS,WW,Brown,Right,20.0,20.048,-2.03
37896,PSS,EE,Brown,Right,20.0,20.077,-2.053
37896,PSS,WW,Brown,Right,20.0,20.097,-2.072
38212,PSS,EE,Brown,Right,20.0,20.013,-1.77
38212,PSS,WW,Brown,Right,20.0,20.017,-1.704
38212,PSS,EE,Brown,Right,20.0,20.093,-1.876
38212,PSS,WW,Brown,Right,20.0,20.154,-1.787
38212,PSS,EE,Brown,Right,20.0,20.061,-1.799
38212,PSS,WW,Brown,Right,20.0,20.061,-1.711
38212,PSS,EE,Brown,Right,20.0,20.136,-1.941
38212,PSS,WW,Brown,Right,20.0,20.163,-1.869
38212,PSS,EE,Brown,Right,20.0,20.099,-1.927
38212,PSS,WW,Brown,Right,20.0,20.184,-1.815
38212,PSS,EE,Brown,Right,20.0,20.146,-1.738
38212,PSS,WW,Brown,Right,20.0,20.201,-1.591
38212,PSS,EE,Brown,Right,20.0,20.212,-1.779
38212,PSS,WW,Brown,Right,20.0,20.22,-1.675
38212,PSS,EE,Brown,Right,20.0,20.22,-1.736
38212,PSS,WW,Brown,Right,20.0,20.2,-1.587
38202,2S,EE,Brown,Right,20.0,20.022,-2.167
38202,2S,WW,Brown,Right,20.0,20.02,-2.067
38202,2S,EE,Brown,Right,20.0,20.013,-2.163
38202,2S,WW,Brown,Right,20.0,20.018,-2.082
38202,2S,EE,Brown,Right,20.0,20.016,-2.16
38202,2S,WW,Brown,Right,20.0,20.019,-2.163
38202,2S,EE,Brown,Right,20.0,20.016,-2.151
38202,2S,WW,Brown,Right,20.0,20.016,-2.177
38202,2S,EE,Brown,Right,20.0,20.007,-2.258
38202,2S,WW,Brown,Right,20.0,20.005,-1.94
38202,2S,EE,Brown,Right,20.0,20.011,-2.173
38202,2S,WW,Brown,Right,20.0,20.007,-1.995
38202,2S,EE,Brown,Right,20.0,20.005,-2.161
38202,2S,WW,Brown,Right,20.0,20.01,-1.987
38202,2S,EE,Brown,Right,20.0,20.011,-2.217
38202,2S,WW,Brown,Right,20.0,20.008,-2.02
38693,2S,EE,Brown,Right,20.0,20.021,-2.093
38693,2S,WW,Brown,Right,20.0,20.011,-2.08
38693,2S,EE,Brown,Right,20.0,20.008,-2.024
38693,2S,WW,Brown,Right,20.0,20.006,-2.07
38693,2S,EE,Brown,Right,20.0,20.01,-2.092
38693,2S,WW,Brown,Right,20.0,20.014,-2.116
38693,2S,EE,Brown,Right,20.0,20.012,-2.138
38693,2S,WW,Brown,Right,20.0,20.009,-2.115
38693,2S,EE,Brown,Right,20.0,20.005,-2.162
38693,2S,WW,Brown,Right,20.0,20.008,-2.172
38693,2S,EE,Brown,Right,20.0,20.006,-1.956
38693,2S,WW,Brown,Right,20.0,20.007,-1.895
38693,2S,EE,Brown,Right,20.0,20.025,-1.99
38693,2S,WW,Brown,Right,20.0,20.013,-1.981
38693,2S,EE,Brown,Right,20.0,20.008,-2.004
38693,2S,WW,Brown,Right,20.0,20.011,-2.009
38694,2S,EE,Brown,Right,20.0,20.008,-2.136
38694,2S,WW,Brown,Right,20.0,20.015,-2.077
38694,2S,EE,Brown,Right,20.0,20.006,-2.391
38694,2S,WW,Brown,Right,20.0,20.009,-2.417
38694,2S,EE,Brown,Right,20.0,20.042,-2.405
38694,2S,WW,Brown,Right,20.0,20.019,-2.402
38694,2S,EE,Brown,Right,20.0,20.033,-2.383
38694,2S,WW,Brown,Right,20.0,20.016,-2.385
38694,2S,EE,Brown,Right,20.0,20.004,-2.239
38694,2S,WW,Brown,Right,20.0,20.006,-2.213
38694,2S,EE,Brown,Right,20.0,20.006,-2.209
38694,2S,WW,Brown,Right,20.0,20.017,-2.201
38694,2S,EE,Brown,Right,20.0,20.029,-2.223
38694,2S,WW,Brown,Right,20.0,20.018,-2.216
38694,2S,EE,Brown,Right,20.0,20.035,-2.264
38694,2S,WW,Brown,Right,20.0,20.012,-2.287
38713,2S,EE,Brown,Right,20.0,20.009,-2.408
38713,2S,WW,Brown,Right,20.0,20.025,-2.394
38713,2S,EE,Brown,Right,20.0,20.006,-2.388
38713,2S,WW,Brown,Right,20.0,20.011,-2.42
38713,2S,EE,Brown,Right,20.0,20.052,-2.401
38713,2S,WW,Brown,Right,20.0,20.028,-2.385
38713,2S,EE,Brown,Right,20.0,20.035,-2.472
38713,2S,WW,Brown,Right,20.0,20.018,-2.437
38713,2S,EE,Brown,Right,20.0,20.008,-2.477
38713,2S,WW,Brown,Right,20.0,20.011,-2.475
38713,2S,EE,Brown,Right,20.0,20.006,-2.313
38713,2S,WW,Brown,Right,20.0,20.023,-2.318
38713,2S,EE,Brown,Right,20.0,20.027,-2.285
38713,2S,WW,Brown,Right,20.0,20.019,-2.297
38713,2S,EE,Brown,Right,20.0,20.042,-2.283
38713,2S,WW,Brown,Right,20.0,20.018,-2.296
38695,2S,EE,Brown,Right,20.0,20.006,-2.272
38695,2S,WW,Brown,Right,20.0,20.018,-2.317
38695,2S,EE,Brown,Right,20.0,20.005,-2.298
38695,2S,WW,Brown,Right,20.0,20.008,-2.385
38695,2S,EE,Brown,Right,20.0,20.051,-2.369
38695,2S,WW,Brown,Right,20.0,20.031,-2.402
38695,2S,EE,Brown,Right,20.0,20.02,-2.385
38695,2S,WW,Brown,Right,20.0,20.009,-2.378
38695,2S,EE,Brown,Right,20.0,20.017,-2.081
38695,2S,WW,Brown,Right,20.0,20.044,-2.141
38695,2S,EE,Brown,Right,20.0,20.005,-2.139
38695,2S,WW,Brown,Right,20.0,20.032,-2.215
38695,2S,EE,Brown,Right,20.0,20.073,-2.219
38695,2S,WW,Brown,Right,20.0,20.047,-2.245
38695,2S,EE,Brown,Right,20.0,20.061,-2.182
38695,2S,WW,Brown,Right,20.0,20.038,-2.211
38696,2S,EE,Brown,Right,20.0,20.003,-2.462
38696,2S,WW,Brown,Right,20.0,20.011,-2.368
38696,2S,EE,Brown,Right,20.0,20.009,-2.448
38696,2S,WW,Brown,Right,20.0,20.018,-2.321
38696,2S,EE,Brown,Right,20.0,20.04,-2.396
38696,2S,WW,Brown,Right,20.0,20.021,-2.384
38696,2S,EE,Brown,Right,20.0,20.049,-2.388
38696,2S,WW,Brown,Right,20.0,20.021,-2.356
38696,2S,EE,Brown,Right,20.0,20.007,-2.376
38696,2S,WW,Brown,Right,20.0,20.012,-2.314
38696,2S,EE,Brown,Right,20.0,20.008,-2.396
38696,2S,WW,Brown,Right,20.0,20.008,-2.384
38696,2S,EE,Brown,Right,20.0,20.035,-2.375
38696,2S,WW,Brown,Right,20.0,20.02,-2.216
38696,2S,EE,Brown,Right,20.0,20.031,-2.381
38696,2S,WW,Brown,Right,20.0,20.009,-2.234
38696,2S,EE,Brown,Right,20.0,20.007,-2.371
38696,2S,WW,Brown,Right,20.0,20.006,-2.277
38696,2S,EE,Brown,Right,20.0,20.02,-2.381
38696,2S,WW,Brown,Right,20.0,20.006,-2.312
38873,2S,EE,Brown,Right,20.0,20.004,-2.478
38873,2S,WW,Brown,Right,20.0,20.007,-2.388
38873,2S,EE,Brown,Right,20.0,20.005,-2.479
38873,2S,WW,Brown,Right,20.0,20.003,-2.414
38873,2S,EE,Brown,Right,20.0,20.005,-2.234
38873,2S,WW,Brown,Right,20.0,20.008,-2.129
38873,2S,EE,Brown,Right,20.0,20.036,-2.298
38873,2S,WW,Brown,Right,20.0,20.027,-2.188
38873,2S,EE,Brown,Right,20.0,20.027,-2.297
38873,2S,WW,Brown,Right,20.0,20.013,-2.226
38874,2S,EE,Brown,Right,20.0,20.005,-2.554
38874,2S,WW,Brown,Right,20.0,20.003,-2.583
38874,2S,EE,Brown,Right,20.0,20.006,-2.617
38874,2S,WW,Brown,Right,20.0,20.006,-2.662
38874,2S,EE,Brown,Right,20.0,20.014,-2.378
38874,2S,WW,Brown,Right,20.0,20.003,-2.401
38874,2S,EE,Brown,Right,20.0,20.007,-2.387
38874,2S,WW,Brown,Right,20.0,20.004,-2.39
38874,2S,EE,Brown,Right,20.0,20.006,-2.491
38874,2S,WW,Brown,Right,20.0,20.002,-2.477
38874,2S,EE,Brown,Right,20.0,20.011,-2.476
38874,2S,WW,Brown,Right,20.0,20.003,-2.471
38875,2S,EE,Brown,Right,20.0,20.003,-2.152
38875,2S,WW,Brown,Right,20.0,20.005,-2.204
38875,2S,EE,Brown,Right,20.0,20.006,-2.218
38875,2S,WW,Brown,Right,20.0,20.006,-2.289
38875,2S,EE,Brown,Right,20.0,20.001,-2.075
38875,2S,WW,Brown,Right,20.0,20.008,-2.048
38875,2S,EE,Brown,Right,20.0,20.005,-2.018
38875,2S,WW,Brown,Right,20.0,20.005,-2.02
38875,2S,EE,Brown,Right,20.0,20.002,-2.184
38875,2S,WW,Brown,Right,20.0,20.005,-2.22
39564,2S,EE,Brown,Right,20.0,20.013,-2.331
39564,2S,WW,Brown,Right,20.0,20.007,-2.308
39564,2S,EE,Brown,Right,20.0,20.008,-2.376
39564,2S,WW,Brown,Right,20.0,20.008,-2.373
39564,2S,EE,Brown,Right,20.0,20.018,-2.415
39564,2S,WW,Brown,Right,20.0,20.006,-2.376
39564,2S,EE,Brown,Right,20.0,20.004,-2.412
39564,2S,WW,Brown,Right,20.0,20.002,-2.391
39564,2S,EE,Brown,Right,20.0,20.005,-2.234
39564,2S,WW,Brown,Right,20.0,20.007,-2.228
39564,2S,EE,Brown,Right,20.0,20.011,-2.279
39564,2S,WW,Brown,Right,20.0,20.006,-2.303
39565,2S,EE,Brown,Right,20.0,20.004,-2.607
39565,2S,WW,Brown,Right,20.0,20.007,-2.58
39565,2S,EE,Brown,Right,20.0,20.006,-2.674
39565,2S,WW,Brown,Right,20.0,20.001,-2.617
39565,2S,EE,Brown,Right,20.0,20.005,-2.696
39565,2S,WW,Brown,Right,20.0,20.003,-2.673
39565,2S,EE,Brown,Right,20.0,20.007,-2.71
39565,2S,WW,Brown,Right,20.0,20.003,-2.683
39565,2S,EE,Brown,Right,20.0,20.003,-2.496
39565,2S,WW,Brown,Right,20.0,20.003,-2.498
39565,2S,EE,Brown,Right,20.0,20.002,-2.581
39565,2S,WW,Brown,Right,20.0,20.002,-2.574
39566,2S,EE,Brown,Right,20.0,20.004,-2.276
39566,2S,WW,Brown,Right,20.0,20.007,-2.285
39566,2S,EE,Brown,Right,20.0,20.005,-2.317
39566,2S,WW,Brown,Right,20.0,20.003,-2.393
39566,2S,EE,Brown,Right,20.0,20.001,-2.409
39566,2S,WW,Brown,Right,20.0,20.007,-2.458
39566,2S,EE,Brown,Right,20.0,20.006,-2.376
39566,2S,WW,Brown,Right,20.0,20.006,-2.4
39566,2S,EE,Brown,Right,20.0,20.005,-2.091
39566,2S,WW,Brown,Right,20.0,20.001,-2.176
39566,2S,EE,Brown,Right,20.0,20.011,-2.153
39566,2S,WW,Brown,Right,20.0,20.002,-2.179
39566,2S,EE,Brown,Right,20.0,20.004,-2.186
39566,2S,WW,Brown,Right,20.0,20.003,-2.271
39566,2S,EE,Brown,Right,20.0,20.004,-2.209
39566,2S,WW,Brown,Right,20.0,20.003,-2.283
39567,2S,EE,Brown,Right,20.0,20.008,-2.566
39567,2S,WW,Brown,Right,20.0,20.001,-2.502
39567,2S,EE,Brown,Right,20.0,20.008,-2.59
39567,2S,WW,Brown,Right,20.0,20.004,-2.584
39567,2S,EE,Brown,Right,20.0,20.005,-2.701
39567,2S,WW,Brown,Right,20.0,20.011,-2.618
39567,2S,EE,Brown,Right,20.0,20.006,-2.686
39567,2S,WW,Brown,Right,20.0,20.008,-2.607
39567,2S,EE,Brown,Right,20.0,20.002,-2.425
39567,2S,WW,Brown,Right,20.0,20.006,-2.396
39567,2S,EE,Brown,Right,20.0,20.006,-2.405
39567,2S,WW,Brown,Right,20.0,20.004,-2.397
39567,2S,EE,Brown,Right,20.0,20.004,-2.469
39567,2S,WW,Brown,Right,20.0,20.002,-2.474
39567,2S,EE,Brown,Right,20.0,20.01,-2.516
39567,2S,WW,Brown,Right,20.0,20.004,-2.483
39569,2S,EE,Brown,Right,20.0,20.003,-2.376
39569,2S,WW,Brown,Right,20.0,20.008,-2.446
39569,2S,EE,Brown,Right,20.0,20.033,-2.425
39569,2S,WW,Brown,Right,20.0,20.055,-2.454
39569,2S,EE,Brown,Right,20.0,20.012,-2.199
39569,2S,WW,Brown,Right,20.0,20.017,-2.213
39569,2S,EE,Brown,Right,20.0,20.086,-2.213
39569,2S,WW,Brown,Right,20.0,20.044,-2.191
39569,2S,EE,Brown,Right,20.0,20.071,-2.353
39569,2S,WW,Brown,Right,20.0,20.07,-2.336
39570,2S,EE,Brown,Right,20.0,20.052,-2.501
39570,2S,WW,Brown,Right,20.0,20.033,-2.487
39570,2S,EE,Brown,Right,20.0,20.014,-2.457
39570,2S,WW,Brown,Right,20.0,20.024,-2.335
39571,2S,EE,Brown,Right,20.0,20.003,-2.278
39571,2S,WW,Brown,Right,20.0,20.028,-2.216
39571,2S,EE,Brown,Right,20.0,20.049,-2.391
39571,2S,WW,Brown,Right,20.0,20.009,-2.286
39571,2S,EE,Brown,Right,20.0,20.067,-2.101
39571,2S,WW,Brown,Right,20.0,20.04,-2.031
39571,2S,EE,Brown,Right,20.0,20.004,-2.206
39571,2S,WW,Brown,Right,20.0,20.01,-2.14
39572,2S,EE,Brown,Right,20.0,20.008,-2.4
39572,2S,WW,Brown,Right,20.0,20.002,-2.38
39572,2S,EE,Brown,Right,20.0,20.013,-2.293
39572,2S,WW,Brown,Right,20.0,20.006,-2.2
39572,2S,EE,Brown,Right,20.0,20.049,-2.284
39572,2S,WW,Brown,Right,20.0,20.048,-2.184
41352,2S,EE,Brown,Right,20.0,20.006,-2.584
41352,2S,WW,Brown,Right,20.0,20.011,-2.497
41352,2S,EE,Brown,Right,20.0,20.045,-2.653
41352,2S,WW,Brown,Right,20.0,20.069,-2.572
41352,2S,EE,Brown,Right,20.0,20.053,-2.477
41352,2S,WW,Brown,Right,20.0,20.043,-2.418
41352,2S,EE,Brown,Right,20.0,20.101,-2.615
41352,2S,WW,Brown,Right,20.0,20.067,-2.548
41354,2S,EE,Brown,Right,20.0,20.028,-2.285
41354,2S,WW,Brown,Right,20.0,20.057,-2.289
41354,2S,EE,Brown,Right,20.0,20.009,-2.322
41354,2S,WW,Brown,Right,20.0,20.048,-2.298
41354,2S,EE,Brown,Right,20.0,20.086,-2.088
41354,2S,WW,Brown,Right,20.0,20.069,-2.098
41354,2S,EE,Brown,Right,20.0,20.08,-2.065
41354,2S,WW,Brown,Right,20.0,20.057,-2.078
41354,2S,EE,Brown,Right,20.0,20.09,-2.111
41354,2S,WW,Brown,Right,20.0,20.062,-2.122
41354,2S,EE,Brown,Right,20.0,20.031,-2.112
41354,2S,WW,Brown,Right,20.0,20.058,-2.111
39563,PSS,EE,Brown,Right,20.0,20.009,-2.315
39563,PSS,WW,Brown,Right,20.0,20.032,-2.301
39563,PSS,EE,Brown,Right,20.0,20.021,-2.381
39563,PSS,WW,Brown,Right,20.0,20.096,-2.373
39563,PSS,EE,Brown,Right,20.0,20.067,-2.414
39563,PSS,WW,Brown,Right,20.0,20.051,-2.399
39563,PSS,EE,Brown,Right,20.0,20.155,-2.296
39563,PSS,WW,Brown,Right,20.0,20.092,-2.203
39563,PSS,EE,Brown,Right,20.0,20.007,-2.297
39563,PSS,WW,Brown,Right,20.0,20.02,-2.192
39563,PSS,EE,Brown,Right,20.0,20.022,-2.288
39563,PSS,WW,Brown,Right,20.0,20.044,-2.198
39563,PSS,EE,Brown,Right,20.0,20.06,-2.238
39563,PSS,WW,Brown,Right,20.0,20.044,-2.23
39563,PSS,EE,Brown,Right,20.0,20.079,-2.283
39563,PSS,WW,Brown,Right,20.0,20.041,-2.277
41727,PSS,EE,Brown,Right,20.0,20.012,-2.158
41727,PSS,WW,Brown,Right,20.0,20.04,-2.159
41727,PSS,EE,Brown,Right,20.0,20.021,-2.182
41727,PSS,WW,Brown,Right,20.0,20.042,-2.25
41727,PSS,EE,Brown,Right,20.0,20.076,-2.252
41727,PSS,WW,Brown,Right,20.0,20.051,-2.266
41727,PSS,EE,Brown,Right,20.0,20.086,-2.281
41727,PSS,WW,Brown,Right,20.0,20.052,-2.267
41727,PSS,EE,Brown,Right,20.0,20.011,-2.306
41727,PSS,WW,Brown,Right,20.0,20.008,-2.288
41727,PSS,EE,Brown,Right,20.0,20.011,-2.017
41727,PSS,WW,Brown,Right,20.0,20.017,-1.998
41727,PSS,EE,Brown,Right,20.0,20.04,-2.006
41727,PSS,WW,Brown,Right,20.0,20.025,-2.057
41727,PSS,EE,Brown,Right,20.0,20.053,-2.091
41727,PSS,WW,Brown,Right,20.0,20.021,-2.12
41752,2S,EE,Brown,Right,20.0,20.011,-2.416
41752,2S,WW,Brown,Right,20.0,20.146,-2.467
41752,2S,EE,Brown,Right,20.0,20.013,-2.418
41752,2S,WW,Brown,Right,20.0,20.005,-2.449
41752,2S,EE,Brown,Right,20.0,20.056,-2.583
41752,2S,WW,Brown,Right,20.0,20.007,-2.51
41752,2S,EE,Brown,Right,20.0,20.007,-2.283
41752,2S,WW,Brown,Right,20.0,20.006,-2.31
41752,2S,EE,Brown,Right,20.0,20.057,-2.304
41752,2S,WW,Brown,Right,20.0,20.008,-2.339
41752,2S,EE,Brown,Right,20.0,20.011,-2.338
41752,2S,WW,Brown,Right,20.0,20.008,-2.369
41752,2S,EE,Brown,Right,20.0,20.004,-2.377
41752,2S,WW,Brown,Right,20.0,20.007,-2.383
41752,2S,EE,Brown,Right,20.0,20.004,-2.382
41752,2S,WW,Brown,Right,20.0,20.007,-2.391
41753,2S,EE,Brown,Right,20.0,20.022,-2.203
41753,2S,WW,Brown,Right,20.0,20.014,-2.106
41753,2S,EE,Brown,Right,20.0,20.012,-2.243
41753,2S,WW,Brown,Right,20.0,20.008,-2.182
41753,2S,EE,Brown,Right,20.0,20.013,-2.192
41753,2S,WW,Brown,Right,20.0,20.014,-2.183
41753,2S,EE,Brown,Right,20.0,20.008,-2.235
41753,2S,WW,Brown,Right,20.0,20.011,-2.172
41753,2S,EE,Brown,Right,20.0,20.043,-2.163
41753,2S,WW,Brown,Right,20.0,20.072,-1.99
41753,2S,EE,Brown,Right,20.0,20.006,-2.128
41753,2S,WW,Brown,Right,20.0,20.005,-2.064
41753,2S,EE,Brown,Right,20.0,20.024,-2.116
41753,2S,WW,Brown,Right,20.0,20.009,-2.031
41753,2S,EE,Brown,Right,20.0,20.019,-2.183
41753,2S,WW,Brown,Right,20.0,20.004,-2.084
41754,2S,EE,Brown,Right,20.0,20.008,-2.481
41754,2S,WW,Brown,Right,20.0,20.007,-2.539
41754,2S,EE,Brown,Right,20.0,20.005,-2.501
41754,2S,WW,Brown,Right,20.0,20.009,-2.576
41754,2S,EE,Brown,Right,20.0,20.023,-2.309
41754,2S,WW,Brown,Right,20.0,20.011,-2.379
41754,2S,EE,Brown,Right,20.0,20.035,-2.332
41754,2S,WW,Brown,Right,20.0,20.012,-2.404
41754,2S,EE,Brown,Right,20.0,20.007,-2.39
41754,2S,WW,Brown,Right,20.0,20.003,-2.438
41754,2S,EE,Brown,Right,20.0,20.007,-2.432
41754,2S,WW,Brown,Right,20.0,20.006,-2.489
41729,PSS,EE,Brown,Right,20.0,20.007,-2.175
41729,PSS,WW,Brown,Right,20.0,20.005,-2.181
41729,PSS,EE,Brown,Right,20.0,20.007,-2.187
41729,PSS,WW,Brown,Right,20.0,20.004,-2.184
41729,PSS,EE,Brown,Right,20.0,20.018,-2.209
41729,PSS,WW,Brown,Right,20.0,20.007,-2.215
41729,PSS,EE,Brown,Right,20.0,20.003,-2.195
41729,PSS,WW,Brown,Right,20.0,20.004,-2.223
41729,PSS,EE,Brown,Right,20.0,20.006,-2.204
41729,PSS,WW,Brown,Right,20.0,20.003,-2.193
41729,PSS,EE,Brown,Right,20.0,20.006,-2.28
41729,PSS,WW,Brown,Right,20.0,20.004,-2.259
41729,PSS,EE,Brown,Right,20.0,20.023,-2.023
41729,PSS,WW,Brown,Right,20.0,20.009,-2.022
41729,PSS,EE,Brown,Right,20.0,20.022,-2.086
41729,PSS,WW,Brown,Right,20.0,20.006,-2.09
42240,PSS,EE,Brown,Right,20.0,20.001,-1.767
42240,PSS,WW,Brown,Right,20.0,20.005,-1.633
42240,PSS,EE,Brown,Right,20.0,20.013,-1.792
42240,PSS,WW,Brown,Right,20.0,20.007,-1.709
42240,PSS,EE,Brown,Right,20.0,20.017,-1.704
42240,PSS,WW,Brown,Right,20.0,20.004,-1.831
42240,PSS,EE,Brown,Right,20.0,20.024,-1.856
42240,PSS,WW,Brown,Right,20.0,20.005,-1.702
42240,PSS,EE,Brown,Right,20.0,20.004,-1.872
42240,PSS,WW,Brown,Right,20.0,20.004,-1.72
42240,PSS,EE,Brown,Right,20.0,20.006,-1.612
42240,PSS,WW,Brown,Right,20.0,20.007,-1.543
42240,PSS,EE,Brown,Right,20.0,20.008,-1.681
42240,PSS,WW,Brown,Right,20.0,20.004,-1.582
42240,PSS,EE,Brown,Right,20.0,20.025,-1.668
42240,PSS,WW,Brown,Right,20.0,20.006,-1.58
41751,2S,EE,Brown,Right,20.0,20.049,-2.369
41751,2S,WW,Brown,Right,20.0,20.093,-2.281
41751,2S,EE,Brown,Right,20.0,20.102,-2.294
41751,2S,WW,Brown,Right,20.0,20.117,-2.211
41751,2S,EE,Brown,Right,20.0,20.014,-2.379
41751,2S,WW,Brown,Right,20.0,20.068,-2.273
41751,2S,EE,Brown,Right,20.0,20.16,-2.315
41751,2S,WW,Brown,Right,20.0,20.091,-2.247
41751,2S,EE,Brown,Right,20.0,20.12,-2.281
41751,2S,WW,Brown,Right,20.0,20.118,-2.08
41751,2S,EE,Brown,Right,20.0,20.134,-2.2
41751,2S,WW,Brown,Right,20.0,20.116,-2.164
41755,2S,EE,Brown,Right,20.0,20.107,-2.382
41755,2S,WW,Brown,Right,20.0,20.146,-2.366
41755,2S,EE,Brown,Right,20.0,20.099,-2.384
41755,2S,WW,Brown,Right,20.0,20.144,-2.389
41755,2S,EE,Brown,Right,20.0,20.188,-2.404
41755,2S,WW,Brown,Right,20.0,20.17,-2.398
41755,2S,EE,Brown,Right,20.0,20.187,-2.396
41755,2S,WW,Brown,Right,20.0,20.162,-2.425
41755,2S,EE,Brown,Right,20.0,20.103,-2.492
41755,2S,WW,Brown,Right,20.0,20.143,-2.43
41755,2S,EE,Brown,Right,20.0,20.131,-2.166
41755,2S,WW,Brown,Right,20.0,20.172,-2.162
41755,2S,EE,Brown,Right,20.0,20.179,-2.184
41755,2S,WW,Brown,Right,20.0,20.156,-2.207
41755,2S,EE,Brown,Right,20.0,20.21,-2.205
41755,2S,WW,Brown,Right,20.0,20.175,-2.238
42247,2S,EE,Brown,Right,20.0,20.003,-2.388
42247,2S,WW,Brown,Right,20.0,20.007,-2.397
42247,2S,EE,Brown,Right,20.0,20.003,-2.431
42247,2S,WW,Brown,Right,20.0,20.009,-2.422
42247,2S,EE,Brown,Right,20.0,20.008,-2.394
42247,2S,WW,Brown,Right,20.0,20.005,-2.409
42247,2S,EE,Brown,Right,20.0,20.068,-2.364
42247,2S,WW,Brown,Right,20.0,20.048,-2.391
42247,2S,EE,Brown,Right,20.0,20.005,-2.274
42247,2S,WW,Brown,Right,20.0,20.004,-2.294
42247,2S,EE,Brown,Right,20.0,20.06,-2.296
42247,2S,WW,Brown,Right,20.0,20.049,-2.317
42247,2S,EE,Brown,Right,20.0,20.19,-2.276
42247,2S,WW,Brown,Right,20.0,20.249,-2.292
42247,2S,EE,Brown,Right,20.0,20.31,-2.266
42247,2S,WW,Brown,Right,20.0,20.3,-2.292
42249,2S,EE,Brown,Right,20.0,20.001,-2.311
42249,2S,WW,Brown,Right,20.0,20.003,-2.271
42249,2S,EE,Brown,Right,20.0,20.007,-2.29
42249,2S,WW,Brown,Right,20.0,20.002,-2.283
42249,2S,EE,Brown,Right,20.0,20.004,-2.369
42249,2S,WW,Brown,Right,20.0,20.003,-2.358
42249,2S,EE,Brown,Right,20.0,20.008,-2.356
42249,2S,WW,Brown,Right,20.0,20.003,-2.371
42249,2S,EE,Brown,Right,20.0,20.003,-2.167
42249,2S,WW,Brown,Right,20.0,20.003,-2.2
42249,2S,EE,Brown,Right,20.0,20.018,-2.203
42249,2S,WW,Brown,Right,20.0,20.017,-2.195
42249,2S,EE,Brown,Right,20.0,20.007,-2.217
42249,2S,WW,Brown,Right,20.0,20.005,-2.223
42249,2S,EE,Brown,Right,20.0,20.082,-2.271
42249,2S,WW,Brown,Right,20.0,20.071,-2.281
42251,2S,EE,Brown,Right,20.0,20.005,-2.081
42251,2S,WW,Brown,Right,20.0,20.001,-2.163
42251,2S,EE,Brown,Right,20.0,20.003,-2.109
42251,2S,WW,Brown,Right,20.0,20.003,-2.182
42251,2S,EE,Brown,Right,20.0,20.012,-2.181
42251,2S,WW,Brown,Right,20.0,20.007,-2.193
42251,2S,EE,Brown,Right,20.0,20.006,-2.193
42251,2S,WW,Brown,Right,20.0,20.006,-2.248
42251,2S,EE,Brown,Right,20.0,20.082,-2.019
42251,2S,WW,Brown,Right,20.0,20.009,-2.038
42251,2S,EE,Brown,Right,20.0,20.003,-2.015
42251,2S,WW,Brown,Right,20.0,20.003,-2.018
42251,2S,EE,Brown,Right,20.0,20.064,-2.05
42251,2S,WW,Brown,Right,20.0,20.002,-2.102
42251,2S,EE,Brown,Right,20.0,20.045,-2.076
42251,2S,WW,Brown,Right,20.0,20.056,-2.083
42256,2S,EE,Brown,Right,20.0,20.012,-2.486
42256,2S,WW,Brown,Right,20.0,20.022,-2.382
42256,2S,EE,Brown,Right,20.0,20.038,-2.501
42256,2S,WW,Brown,Right,20.0,20.053,-2.425
42256,2S,EE,Brown,Right,20.0,20.054,-2.592
42256,2S,WW,Brown,Right,20.0,20.038,-2.465
42256,2S,EE,Brown,Right,20.0,20.086,-2.603
42256,2S,WW,Brown,Right,20.0,20.056,-2.473
42256,2S,EE,Brown,Right,20.0,20.017,-2.596
42256,2S,WW,Brown,Right,20.0,20.054,-2.482
42256,2S,EE,Brown,Right,20.0,20.007,-2.4
42256,2S,WW,Brown,Right,20.0,20.017,-2.289
42256,2S,EE,Brown,Right,20.0,20.061,-2.46
42256,2S,WW,Brown,Right,20.0,20.037,-2.348
42256,2S,EE,Brown,Right,20.0,20.061,-2.475
42256,2S,WW,Brown,Right,20.0,20.038,-2.383
42257,2S,EE,Brown,Right,20.0,20.032,-2.919
42257,2S,WW,Brown,Right,20.0,20.084,-2.259
42257,2S,EE,Brown,Right,20.0,20.015,-2.79
42257,2S,WW,Brown,Right,20.0,20.035,-2.284
42257,2S,EE,Brown,Right,20.0,20.13,-2.641
42257,2S,WW,Brown,Right,20.0,20.043,-2.331
42257,2S,EE,Brown,Right,20.0,20.067,-2.571
42257,2S,WW,Brown,Right,20.0,20.036,-2.313
42257,2S,EE,Brown,Right,20.0,20.006,-3.46
42257,2S,WW,Brown,Right,20.0,20.015,-2.128
42257,2S,EE,Brown,Right,20.0,20.015,-3.447
42257,2S,WW,Brown,Right,20.0,20.035,-2.163
42257,2S,EE,Brown,Right,20.0,20.06,-3.066
42257,2S,WW,Brown,Right,20.0,20.05,-2.192
42257,2S,EE,Brown,Right,20.0,20.062,-3.064
42257,2S,WW,Brown,Right,20.0,20.043,-2.28
42902,2S,EE,Brown,Right,20.0,20.005,-3.026
42902,2S,WW,Brown,Right,20.0,20.009,-2.309
42902,2S,EE,Brown,Right,20.0,20.013,-2.745
42902,2S,WW,Brown,Right,20.0,20.029,-2.314
42902,2S,EE,Brown,Right,20.0,20.047,-2.715
42902,2S,WW,Brown,Right,20.0,20.028,-2.362
42902,2S,EE,Brown,Right,20.0,20.049,-2.546
42902,2S,WW,Brown,Right,20.0,20.016,-2.333
42902,2S,EE,Brown,Right,20.0,20.002,-2.544
42902,2S,WW,Brown,Right,20.0,20.007,-2.402
42902,2S,EE,Brown,Right,20.0,20.011,-2.501
42902,2S,WW,Brown,Right,20.0,20.017,-2.391
42902,2S,EE,Brown,Right,20.0,20.024,-2.863
42902,2S,WW,Brown,Right,20.0,20.017,-2.202
42902,2S,EE,Brown,Right,20.0,20.052,-3.17
42902,2S,WW,Brown,Right,20.0,20.018,-2.274
42903,2S,EE,Brown,Right,20.0,20.002,-1.702
42903,2S,WW,Brown,Right,20.0,20.006,-1.689
42903,2S,EE,Brown,Right,20.0,20.007,-1.725
42903,2S,WW,Brown,Right,20.0,20.016,-1.705
42903,2S,EE,Brown,Right,20.0,20.017,-1.804
42903,2S,WW,Brown,Right,20.0,20.009,-1.776
42903,2S,EE,Brown,Right,20.0,20.049,-1.784
42903,2S,WW,Brown,Right,20.0,20.02,-1.722
42903,2S,EE,Brown,Right,20.0,20.006,-1.85
42903,2S,WW,Brown,Right,20.0,20.019,-1.767
42903,2S,EE,Brown,Right,20.0,20.005,-1.666
42903,2S,WW,Brown,Right,20.0,20.021,-1.664
42903,2S,EE,Brown,Right,20.0,20.051,-1.662
42903,2S,WW,Brown,Right,20.0,20.031,-1.696
42903,2S,EE,Brown,Right,20.0,20.055,-1.627
42903,2S,WW,Brown,Right,20.0,20.028,-1.646
42904,2S,EE,Brown,Right,20.0,20.006,-2.993
42904,2S,WW,Brown,Right,20.0,20.003,-2.462
42904,2S,EE,Brown,Right,20.0,20.011,-3.081
42904,2S,WW,Brown,Right,20.0,20.033,-2.53
42904,2S,EE,Brown,Right,20.0,20.011,-2.791
42904,2S,WW,Brown,Right,20.0,20.005,-2.538
42904,2S,EE,Brown,Right,20.0,20.067,-2.706
42904,2S,WW,Brown,Right,20.0,20.043,-2.584
42904,2S,EE,Brown,Right,20.0,20.003,-2.616
42904,2S,WW,Brown,Right,20.0,20.017,-2.589
42904,2S,EE,Brown,Right,20.0,20.003,-3.658
42904,2S,WW,Brown,Right,20.0,20.012,-2.317
42904,2S,EE,Brown,Right,20.0,20.061,-3.435
42904,2S,WW,Brown,Right,20.0,20.061,-2.393
42904,2S,EE,Brown,Right,20.0,20.055,-3.191
42904,2S,WW,Brown,Right,20.0,20.06,-2.387
42905,2S,EE,Brown,Right,20.0,20.025,-2.56
42905,2S,WW,Brown,Right,20.0,20.055,-2.577
42905,2S,EE,Brown,Right,20.0,20.014,-2.592
42905,2S,WW,Brown,Right,20.0,20.043,-2.612
42905,2S,EE,Brown,Right,20.0,20.085,-2.635
42905,2S,WW,Brown,Right,20.0,20.068,-2.675
42905,2S,EE,Brown,Right,20.0,20.082,-2.676
42905,2S,WW,Brown,Right,20.0,20.057,-2.636
42905,2S,EE,Brown,Right,20.0,20.007,-2.679
42905,2S,WW,Brown,Right,20.0,20.026,-2.712
42905,2S,EE,Brown,Right,20.0,20.007,-2.427
42905,2S,WW,Brown,Right,20.0,20.02,-2.467
42905,2S,EE,Brown,Right,20.0,20.068,-2.456
42905,2S,WW,Brown,Right,20.0,20.059,-2.504
42905,2S,EE,Brown,Right,20.0,20.068,-2.485
42905,2S,WW,Brown,Right,20.0,20.055,-2.539
42908,2S,EE,Brown,Right,20.0,20.004,-2.566
42908,2S,WW,Brown,Right,20.0,20.01,-2.614
42908,2S,EE,Brown,Right,20.0,20.023,-2.586
42908,2S,WW,Brown,Right,20.0,20.059,-2.678
42908,2S,EE,Brown,Right,20.0,20.037,-2.635
42908,2S,WW,Brown,Right,20.0,20.03,-2.704
42908,2S,EE,Brown,Right,20.0,20.089,-2.689
42908,2S,WW,Brown,Right,20.0,20.063,-2.683
42908,2S,EE,Brown,Right,20.0,20.009,-2.685
42908,2S,WW,Brown,Right,20.0,20.006,-2.739
42908,2S,EE,Brown,Right,20.0,20.015,-2.483
42908,2S,WW,Brown,Right,20.0,20.035,-2.464
42908,2S,EE,Brown,Right,20.0,20.032,-2.48
42908,2S,WW,Brown,Right,20.0,20.022,-2.524
42908,2S,EE,Brown,Right,20.0,20.07,-2.492
42908,2S,WW,Brown,Right,20.0,20.047,-2.525
42909,2S,EE,Brown,Right,20.0,20.006,-2.711
42909,2S,WW,Brown,Right,20.0,20.017,-2.387
42909,2S,EE,Brown,Right,20.0,20.015,-2.619
42909,2S,WW,Brown,Right,20.0,20.036,-2.421
42909,2S,EE,Brown,Right,20.0,20.051,-2.635
42909,2S,WW,Brown,Right,20.0,20.041,-2.47
42909,2S,EE,Brown,Right,20.0,20.069,-2.555
42909,2S,WW,Brown,Right,20.0,20.042,-2.453
42909,2S,EE,Brown,Right,20.0,20.007,-2.518
42909,2S,WW,Brown,Right,20.0,20.013,-2.478
42909,2S,WW,Brown,Right,20.0,20.045,-2.267
42909,2S,EE,Brown,Right,20.0,20.051,-2.793
42909,2S,WW,Brown,Right,20.0,20.037,-2.296
42909,2S,EE,Brown,Right,20.0,20.081,-2.685
42909,2S,WW,Brown,Right,20.0,20.054,-2.324
43269,2S,EE,Brown,Right,20.0,20.01,-2.392
43269,2S,WW,Brown,Right,20.0,20.016,-2.305
43269,2S,EE,Brown,Right,20.0,20.006,-2.529
43269,2S,WW,Brown,Right,20.0,20.014,-2.481
43269,2S,EE,Brown,Right,20.0,20.046,-2.363
43269,2S,WW,Brown,Right,20.0,20.036,-2.402
43269,2S,EE,Brown,Right,20.0,20.031,-2.481
43269,2S,WW,Brown,Right,20.0,20.018,-2.403
43269,2S,EE,Brown,Right,20.0,20.005,-2.498
43269,2S,WW,Brown,Right,20.0,20.006,-2.408
43269,2S,EE,Brown,Right,20.0,20.009,-2.275
43269,2S,WW,Brown,Right,20.0,20.01,-2.294
43269,2S,EE,Brown,Right,20.0,20.027,-2.283
43269,2S,WW,Brown,Right,20.0,20.019,-2.278
43269,2S,EE,Brown,Right,20.0,20.027,-2.349
43269,2S,WW,Brown,Right,20.0,20.015,-2.3
43272,2S,EE,Brown,Right,20.0,20.003,-2.413
43272,2S,WW,Brown,Right,20.0,20.005,-2.368
43272,2S,EE,Brown,Right,20.0,20.012,-2.437
43272,2S,WW,Brown,Right,20.0,20.034,-2.467
43272,2S,EE,Brown,Right,20.0,20.028,-2.511
43272,2S,WW,Brown,Right,20.0,20.019,-2.483
43272,2S,EE,Brown,Right,20.0,20.059,-2.482
43272,2S,WW,Brown,Right,20.0,20.032,-2.425
43272,2S,EE,Brown,Right,20.0,20.012,-2.323
43272,2S,WW,Brown,Right,20.0,20.027,-2.276
43272,2S,EE,Brown,Right,20.0,20.002,-2.372
43272,2S,WW,Brown,Right,20.0,20.01,-2.323
43272,2S,EE,Brown,Right,20.0,20.062,-2.396
43272,2S,WW,Brown,Right,20.0,20.042,-2.34
43272,2S,EE,Brown,Right,20.0,20.02,-2.389
43272,2S,WW,Brown,Right,20.0,20.018,-2.364
43273,2S,EE,Brown,Right,20.0,20.009,-2.288
43273,2S,WW,Brown,Right,20.0,20.006,-2.263
43273,2S,EE,Brown,Right,20.0,20.007,-2.361
43273,2S,WW,Brown,Right,20.0,20.021,-2.305
43273,2S,EE,Brown,Right,20.0,20.008,-2.391
43273,2S,WW,Brown,Right,20.0,20.008,-2.324
43273,2S,EE,Brown,Right,20.0,20.046,-2.256
43273,2S,WW,Brown,Right,20.0,20.031,-2.092
43273,2S,EE,Brown,Right,20.0,20.005,-2.207
43273,2S,WW,Brown,Right,20.0,20.013,-2.158
43273,2S,EE,Brown,Right,20.0,20.039,-2.297
43273,2S,WW,Brown,Right,20.0,20.02,-2.241
43274,2S,EE,Brown,Right,20.0,20.003,-2.496
43274,2S,WW,Brown,Right,20.0,20.005,-2.423
43274,2S,EE,Brown,Right,20.0,20.003,-2.625
43274,2S,WW,Brown,Right,20.0,20.01,-2.552
43274,2S,EE,Brown,Right,20.0,20.013,-2.599
43274,2S,WW,Brown,Right,20.0,20.011,-2.613
43274,2S,EE,Brown,Right,20.0,20.014,-2.604
43274,2S,WW,Brown,Right,20.0,20.011,-2.539
43274,2S,EE,Brown,Right,20.0,20.043,-2.481
43274,2S,WW,Brown,Right,20.0,20.027,-2.482
43274,2S,EE,Brown,Right,20.0,20.039,-2.492
43274,2S,WW,Brown,Right,20.0,20.023,-2.49
43275,2S,EE,Brown,Right,20.0,20.003,-2.298
43275,2S,WW,Brown,Right,20.0,20.007,-2.205
43275,2S,EE,Brown,Right,20.0,20.008,-2.295
43275,2S,WW,Brown,Right,20.0,20.019,-2.245
43275,2S,EE,Brown,Right,20.0,20.021,-2.281
43275,2S,WW,Brown,Right,20.0,20.013,-2.278
43275,2S,EE,Brown,Right,20.0,20.012,-2.304
43275,2S,WW,Brown,Right,20.0,20.015,-2.295
43275,2S,EE,Brown,Right,20.0,20.047,-2.2
43275,2S,WW,Brown,Right,20.0,20.03,-2.106
43275,2S,EE,Brown,Right,20.0,20.048,-2.282
43275,2S,WW,Brown,Right,20.0,20.023,-2.2
43276,2S,EE,Brown,Right,20.0,20.01,-2.729
43276,2S,WW,Brown,Right,20.0,19.881,-2.712
43276,2S,EE,Brown,Right,20.0,20.007,-2.793
43276,2S,WW,Brown,Right,20.0,20.009,-2.774
43276,2S,EE,Brown,Right,20.0,19.959,-2.754
43276,2S,WW,Brown,Right,20.0,19.975,-2.752
43276,2S,EE,Brown,Right,20.0,20.036,-2.804
43276,2S,WW,Brown,Right,20.0,20.024,-2.722
43276,2S,EE,Brown,Right,20.0,20.003,-2.633
43276,2S,WW,Brown,Right,20.0,20.009,-2.62
43276,2S,EE,Brown,Right,20.0,20.003,-2.595
43276,2S,WW,Brown,Right,20.0,20.004,-2.609
43276,2S,EE,Brown,Right,20.0,20.022,-2.628
43276,2S,WW,Brown,Right,20.0,20.015,-2.638
43276,2S,EE,Brown,Right,20.0,20.018,-2.645
43276,2S,WW,Brown,Right,20.0,20.019,-2.601
43277,2S,EE,Brown,Right,20.0,20.003,-2.425
43277,2S,WW,Brown,Right,20.0,20.01,-2.384
43277,2S,EE,Brown,Right,20.0,20.008,-2.479
43277,2S,WW,Brown,Right,20.0,20.006,-2.504
43277,2S,EE,Brown,Right,20.0,20.04,-2.484
43277,2S,WW,Brown,Right,20.0,20.026,-2.48
43277,2S,EE,Brown,Right,20.0,20.031,-2.564
43277,2S,WW,Brown,Right,20.0,20.018,-2.515
43277,2S,EE,Brown,Right,20.0,20.005,-2.568
43277,2S,WW,Brown,Right,20.0,20.015,-2.492
43277,2S,EE,Brown,Right,20.0,20.004,-2.347
43277,2S,WW,Brown,Right,20.0,20.005,-2.367
43277,2S,EE,Brown,Right,20.0,20.044,-2.413
43277,2S,WW,Brown,Right,20.0,20.024,-2.369
43277,2S,EE,Brown,Right,20.0,20.039,-2.431
43277,2S,WW,Brown,Right,20.0,20.031,-2.373
44174,2S,EE,Brown,Right,20.0,20.006,-2.543
44174,2S,WW,Brown,Right,20.0,20.008,-2.498
44174,2S,EE,Brown,Right,20.0,20.011,-2.524
44174,2S,WW,Brown,Right,20.0,20.034,-2.569
44174,2S,EE,Brown,Right,20.0,20.008,-2.55
44174,2S,WW,Brown,Right,20.0,20.012,-2.531
44174,2S,EE,Brown,Right,20.0,20.069,-2.633
44174,2S,WW,Brown,Right,20.0,20.048,-2.606
44174,2S,EE,Brown,Right,20.0,20.01,-2.68
44174,2S,WW,Brown,Right,20.0,20.018,-2.6
44174,2S,EE,Brown,Right,20.0,20.006,-2.387
44174,2S,WW,Brown,Right,20.0,20.005,-2.41
44174,2S,EE,Brown,Right,20.0,20.055,-2.439
44174,2S,WW,Brown,Right,20.0,20.046,-2.417
44174,2S,EE,Brown,Right,20.0,20.029,-2.382
44174,2S,WW,Brown,Right,20.0,20.026,-2.386
44175,2S,EE,Brown,Right,20.0,20.007,-1.522
44175,2S,WW,Brown,Right,20.0,20.017,-1.479
44175,2S,EE,Brown,Right,20.0,20.006,-1.805
44175,2S,WW,Brown,Right,20.0,20.028,-1.727
44175,2S,EE,Brown,Right,20.0,20.05,-1.792
44175,2S,WW,Brown,Right,20.0,20.024,-1.753
44175,2S,EE,Brown,Right,20.0,20.06,-1.702
44175,2S,WW,Brown,Right,20.0,20.041,-1.674
44175,2S,EE,Brown,Right,20.0,20.001,-1.589
44175,2S,WW,Brown,Right,20.0,20.007,-1.516
44175,2S,EE,Brown,Right,20.0,20.004,-1.614
44175,2S,WW,Brown,Right,20.0,20.024,-1.589
44175,2S,EE,Brown,Right,20.0,20.034,-1.596
44175,2S,WW,Brown,Right,20.0,20.03,-1.573
44175,2S,EE,Brown,Right,20.0,20.069,-1.55
44175,2S,WW,Brown,Right,20.0,20.06,-1.533
44169,2S,EE,Brown,Right,20.0,20.002,-2.506
44169,2S,WW,Brown,Right,20.0,20.007,-2.49
44169,2S,EE,Brown,Right,20.0,20.005,-2.476
44169,2S,WW,Brown,Right,20.0,20.02,-2.483
44169,2S,EE,Brown,Right,20.0,20.029,-2.548
44169,2S,WW,Brown,Right,20.0,20.017,-2.497
44169,2S,EE,Brown,Right,20.0,20.057,-2.594
44169,2S,WW,Brown,Right,20.0,20.036,-2.576
44169,2S,EE,Brown,Right,20.0,20.006,-2.615
44169,2S,WW,Brown,Right,20.0,20.019,-2.572
44169,2S,EE,Brown,Right,20.0,20.008,-2.38
44169,2S,WW,Brown,Right,20.0,20.041,-2.438
44169,2S,EE,Brown,Right,20.0,20.058,-2.401
44169,2S,WW,Brown,Right,20.0,20.047,-2.426
44169,2S,EE,Brown,Right,20.0,20.075,-2.407
44169,2S,WW,Brown,Right,20.0,20.056,-2.45
44170,2S,EE,Brown,Right,20.0,20.009,-2.245
44170,2S,WW,Brown,Right,20.0,20.022,-2.204
44170,2S,EE,Brown,Right,20.0,20.027,-2.226
44170,2S,WW,Brown,Right,20.0,20.064,-2.234
44170,2S,EE,Brown,Right,20.0,20.065,-2.213
44170,2S,WW,Brown,Right,20.0,20.025,-2.253
44170,2S,EE,Brown,Right,20.0,20.1,-2.294
44170,2S,WW,Brown,Right,20.0,20.083,-2.352
44170,2S,EE,Brown,Right,20.0,20.014,-2.294
44170,2S,WW,Brown,Right,20.0,20.057,-2.319
44170,2S,EE,Brown,Right,20.0,20.01,-2.183
44170,2S,WW,Brown,Right,20.0,20.055,-2.087
44170,2S,EE,Brown,Right,20.0,20.099,-2.18
44170,2S,WW,Brown,Right,20.0,20.077,-2.128
44170,2S,EE,Brown,Right,20.0,20.103,-2.188
44170,2S,WW,Brown,Right,20.0,20.101,-2.127
44171,2S,EE,Brown,Right,20.0,20.007,-2.494
44171,2S,WW,Brown,Right,20.0,20.044,-2.412
44171,2S,EE,Brown,Right,20.0,20.057,-2.477
44171,2S,WW,Brown,Right,20.0,20.097,-2.396
44171,2S,EE,Brown,Right,20.0,20.088,-2.436
44171,2S,WW,Brown,Right,20.0,20.082,-2.392
44171,2S,EE,Brown,Right,20.0,20.134,-2.467
44171,2S,WW,Brown,Right,20.0,20.109,-2.427
44171,2S,EE,Brown,Right,20.0,20.035,-2.488
44171,2S,WW,Brown,Right,20.0,20.079,-2.476
44171,2S,EE,Brown,Right,20.0,20.037,-2.479
44171,2S,WW,Brown,Right,20.0,20.08,-2.441
44171,2S,EE,Brown,Right,20.0,20.118,-2.475
44171,2S,WW,Brown,Right,20.0,20.104,-2.318
44171,2S,EE,Brown,Right,20.0,20.117,-2.369
44171,2S,WW,Brown,Right,20.0,20.096,-2.268
44172,2S,EE,Brown,Right,20.0,20.012,-2.228
44172,2S,WW,Brown,Right,20.0,20.057,-2.29
44172,2S,EE,Brown,Right,20.0,20.055,-2.172
44172,2S,WW,Brown,Right,20.0,20.086,-2.295
44172,2S,EE,Brown,Right,20.0,20.101,-2.259
44172,2S,WW,Brown,Right,20.0,20.093,-2.344
44172,2S,EE,Brown,Right,20.0,20.121,-2.316
44172,2S,WW,Brown,Right,20.0,20.101,-2.374
44172,2S,EE,Brown,Right,20.0,20.02,-2.096
44172,2S,WW,Brown,Right,20.0,20.068,-2.09
44172,2S,EE,Brown,Right,20.0,20.049,-2.174
44172,2S,WW,Brown,Right,20.0,20.093,-2.145
44172,2S,EE,Brown,Right,20.0,20.106,-2.143
44172,2S,WW,Brown,Right,20.0,20.097,-2.18
44172,2S,EE,Brown,Right,20.0,20.129,-2.17
44172,2S,WW,Brown,Right,20.0,20.104,-2.211
45777,PSS,EE,Brown,Right,20.0,20.008,-2.389
45777,PSS,WW,Brown,Right,20.0,20.019,-2.323
45777,PSS,EE,Brown,Right,20.0,20.005,-2.48
45777,PSS,WW,Brown,Right,20.0,20.007,-2.423
45777,PSS,EE,Brown,Right,20.0,20.051,-2.442
45777,PSS,WW,Brown,Right,20.0,20.04,-2.44
45777,PSS,EE,Brown,Right,20.0,20.035,-2.493
45777,PSS,WW,Brown,Right,20.0,20.026,-2.478
45777,PSS,EE,Brown,Right,20.0,20.01,-2.515
45777,PSS,WW,Brown,Right,20.0,20.011,-2.493
45777,PSS,EE,Brown,Right,20.0,20.008,-2.497
45777,PSS,WW,Brown,Right,20.0,20.022,-2.438
45777,PSS,EE,Brown,Right,20.0,20.041,-2.326
45777,PSS,WW,Brown,Right,20.0,20.03,-2.35
45777,PSS,EE,Brown,Right,20.0,20.061,-2.337
45777,PSS,WW,Brown,Right,20.0,20.035,-2.306
46229,PSS,EE,Brown,Right,20.0,20.006,-1.501
46229,PSS,WW,Brown,Right,20.0,20.002,-1.473
46229,PSS,EE,Brown,Right,20.0,20.005,-1.751
46229,PSS,WW,Brown,Right,20.0,20.01,-1.719
46229,PSS,EE,Brown,Right,20.0,20.009,-1.763
46229,PSS,WW,Brown,Right,20.0,20.005,-1.676
46229,PSS,EE,Brown,Right,20.0,20.029,-1.799
46229,PSS,WW,Brown,Right,20.0,20.011,-1.745
46229,PSS,EE,Brown,Right,20.0,20.003,-1.86
46229,PSS,WW,Brown,Right,20.0,20.007,-1.824
46229,PSS,EE,Brown,Right,20.0,20.003,-1.669
46229,PSS,WW,Brown,Right,20.0,20.006,-1.628
46229,PSS,EE,Brown,Right,20.0,20.023,-1.515
46229,PSS,WW,Brown,Right,20.0,20.015,-1.447
46229,PSS,EE,Brown,Right,20.0,20.01,-1.36
46229,PSS,WW,Brown,Right,20.0,20.004,-1.336
45789,PSP,EE,Brown,Right,20.0,20.002,-4.173
45789,PSP,WW,Brown,Right,20.0,20.002,-4.652
45789,PSP,EE,Brown,Right,20.0,20.004,-4.245
45789,PSP,WW,Brown,Right,20.0,20.004,-4.695
45789,PSP,EE,Brown,Right,20.0,20.011,-4.33
45789,PSP,WW,Brown,Right,20.0,20.005,-4.704
45789,PSP,EE,Brown,Right,20.0,20.007,-4.394
45789,PSP,WW,Brown,Right,20.0,20.005,-4.648
45789,PSP,EE,Brown,Right,20.0,20.008,-4.455
45789,PSP,WW,Brown,Right,20.0,20.002,-4.643
45789,PSP,EE,Brown,Right,20.0,20.002,-4.051
45789,PSP,WW,Brown,Right,20.0,20.001,-4.753
45789,PSP,EE,Brown,Right,20.0,20.008,-4.002
45789,PSP,WW,Brown,Right,20.0,20.003,-4.597
45789,PSP,EE,Brown,Right,20.0,20.007,-3.955
45789,PSP,WW,Brown,Right,20.0,20.007,-4.548
46230,PSP,EE,Brown,Right,20.0,20.002,-4.007
46230,PSP,WW,Brown,Right,20.0,20.003,-4.553
46230,PSP,EE,Brown,Right,20.0,20.018,-4.098
46230,PSP,WW,Brown,Right,20.0,20.004,-4.646
46230,PSP,EE,Brown,Right,20.0,20.003,-4.229
46230,PSP,WW,Brown,Right,20.0,20.005,-4.693
46230,PSP,EE,Brown,Right,20.0,20.005,-4.244
46230,PSP,WW,Brown,Right,20.0,20.004,-4.697
46230,PSP,EE,Brown,Right,20.0,20.002,-4.322
46230,PSP,WW,Brown,Right,20.0,20.004,-4.615
46230,PSP,EE,Brown,Right,20.0,20.008,-4.377
46230,PSP,WW,Brown,Right,20.0,20.006,-4.603
46230,PSP,EE,Brown,Right,20.0,20.016,-3.932
46230,PSP,WW,Brown,Right,20.0,20.007,-4.569
46230,PSP,EE,Brown,Right,20.0,20.027,-3.895
46230,PSP,WW,Brown,Right,20.0,20.01,-4.588
46805,2S,EE,Brown,Right,20.0,20.002,-3.203
46805,2S,WW,Brown,Right,20.0,20.004,-3.09
46805,2S,EE,Brown,Right,20.0,20.004,-3.161
46805,2S,WW,Brown,Right,20.0,20.002,-3.085
46805,2S,EE,Brown,Right,20.0,20.017,-3.191
46805,2S,WW,Brown,Right,20.0,20.009,-3.122
46805,2S,EE,Brown,Right,20.0,20.007,-3.172
46805,2S,WW,Brown,Right,20.0,20.004,-3.074
46805,2S,EE,Brown,Right,20.0,20.004,-2.901
46805,2S,WW,Brown,Right,20.0,20.009,-2.85
46805,2S,EE,Brown,Right,20.0,20.043,-3.013
46805,2S,WW,Brown,Right,20.0,20.03,-2.887
46805,2S,EE,Brown,Right,20.0,20.007,-2.718
46805,2S,WW,Brown,Right,20.0,20.004,-2.688
46806,2S,EE,Brown,Right,20.0,20.008,-2.699
46806,2S,WW,Brown,Right,20.0,20.003,-2.614
46806,2S,EE,Brown,Right,20.0,20.009,-2.795
46806,2S,WW,Brown,Right,20.0,20.012,-2.724
46806,2S,EE,Brown,Right,20.0,20.002,-2.796
46806,2S,WW,Brown,Right,20.0,20.006,-2.774
46806,2S,EE,Brown,Right,20.0,20.031,-2.885
46806,2S,WW,Brown,Right,20.0,20.014,-2.799
46806,2S,EE,Brown,Right,20.0,20.006,-2.889
46806,2S,WW,Brown,Right,20.0,20.005,-2.812
46806,2S,EE,Brown,Right,20.0,20.007,-2.92
46806,2S,WW,Brown,Right,20.0,20.003,-2.838
46806,2S,EE,Brown,Right,20.0,20.006,-2.447
46806,2S,WW,Brown,Right,20.0,20.005,-2.401
46806,2S,EE,Brown,Right,20.0,20.005,-2.523
46806,2S,WW,Brown,Right,20.0,20.005,-2.441
46807,2S,EE,Brown,Right,20.0,20.007,-2.71
46807,2S,WW,Brown,Right,20.0,20.008,-2.587
46807,2S,EE,Brown,Right,20.0,20.006,-2.723
46807,2S,WW,Brown,Right,20.0,20.005,-2.622
46807,2S,EE,Brown,Right,20.0,20.001,-2.789
46807,2S,WW,Brown,Right,20.0,20.003,-2.695
46807,2S,EE,Brown,Right,20.0,20.003,-2.772
46807,2S,WW,Brown,Right,20.0,20.005,-2.682
46807,2S,EE,Brown,Right,20.0,20.004,-2.798
46807,2S,WW,Brown,Right,20.0,20.003,-2.7
46807,2S,EE,Brown,Right,20.0,20.011,-2.578
46807,2S,WW,Brown,Right,20.0,20.003,-2.492
46807,2S,EE,Brown,Right,20.0,20.008,-2.532
46807,2S,WW,Brown,Right,20.0,20.003,-2.47
46807,2S,EE,Brown,Right,20.0,20.006,-2.57
46807,2S,WW,Brown,Right,20.0,20.003,-2.491
46808,2S,EE,Brown,Right,20.0,19.999,-1.673
46808,2S,WW,Brown,Right,20.0,19.999,-1.582
46808,2S,EE,Brown,Right,20.0,20.002,-1.671
46808,2S,WW,Brown,Right,20.0,20.008,-1.602
46808,2S,EE,Brown,Right,20.0,19.999,-1.78
46808,2S,WW,Brown,Right,20.0,19.999,-1.669
46808,2S,EE,Brown,Right,20.0,20.007,-1.764
46808,2S,WW,Brown,Right,20.0,20.003,-1.647
46808,2S,EE,Brown,Right,20.0,20.003,-1.783
46808,2S,WW,Brown,Right,20.0,20.008,-1.68
46808,2S,EE,Brown,Right,20.0,20.009,-1.566
46808,2S,WW,Brown,Right,20.0,20.004,-1.482
46808,2S,EE,Brown,Right,20.0,20.008,-1.595
46808,2S,WW,Brown,Right,20.0,20.006,-1.571
46808,2S,EE,Brown,Right,20.0,20.002,-1.681
46808,2S,WW,Brown,Right,20.0,20.006,-1.604
47345,PSS,EE,Brown,Right,20.0,20.006,-2.325
47345,PSS,WW,Brown,Right,20.0,20.006,-2.286
47345,PSS,EE,Brown,Right,20.0,20.008,-2.292
47345,PSS,WW,Brown,Right,20.0,20.002,-2.318
47345,PSS,EE,Brown,Right,20.0,20.003,-2.359
47345,PSS,WW,Brown,Right,20.0,20.003,-2.338
47345,PSS,EE,Brown,Right,20.0,20.004,-2.324
47345,PSS,WW,Brown,Right,20.0,20.001,-2.324
47345,PSS,EE,Brown,Right,20.0,20.011,-2.503
47345,PSS,WW,Brown,Right,20.0,20.001,-2.384
47345,PSS,EE,Brown,Right,20.0,20.007,-2.178
47345,PSS,WW,Brown,Right,20.0,20.005,-2.096
46232,PSP,EE,Brown,Right,20.0,20.009,-3.607
46232,PSP,WW,Brown,Right,20.0,20.005,-4.589
46232,PSP,EE,Brown,Right,20.0,20.01,-3.604
46232,PSP,WW,Brown,Right,20.0,20.029,-4.576
46232,PSP,EE,Brown,Right,20.0,20.015,-3.686
46232,PSP,WW,Brown,Right,20.0,20.023,-4.586
46232,PSP,EE,Brown,Right,20.0,20.007,-3.742
46232,PSP,WW,Brown,Right,20.0,20.006,-4.62
46232,PSP,EE,Brown,Right,20.0,20.007,-3.774
46232,PSP,WW,Brown,Right,20.0,20.005,-4.61
46232,PSP,EE,Brown,Right,20.0,20.054,-3.849
46232,PSP,WW,Brown,Right,20.0,20.039,-4.558
46232,PSP,EE,Brown,Right,20.0,20.036,-3.335
46232,PSP,WW,Brown,Right,20.0,20.036,-4.19
46232,PSP,EE,Brown,Right,20.0,20.064,-3.422
46232,PSP,WW,Brown,Right,20.0,20.043,-4.304
46811,PSP,EE,Brown,Right,20.0,20.007,-4.204
46811,PSP,WW,Brown,Right,20.0,20.013,-4.727
46811,PSP,EE,Brown,Right,20.0,20.012,-4.251
46811,PSP,WW,Brown,Right,20.0,20.003,-4.732
46811,PSP,EE,Brown,Right,20.0,20.006,-4.441
46811,PSP,WW,Brown,Right,20.0,20.005,-4.801
46811,PSP,EE,Brown,Right,20.0,20.002,-4.531
46811,PSP,WW,Brown,Right,20.0,20.005,-4.767
46811,PSP,EE,Brown,Right,20.0,20.005,-4.503
46811,PSP,WW,Brown,Right,20.0,20.007,-4.755
46811,PSP,EE,Brown,Right,20.0,20.039,-4.518
46811,PSP,WW,Brown,Right,20.0,20.097,-4.709
46811,PSP,EE,Brown,Right,20.0,20.057,-3.807
46811,PSP,WW,Brown,Right,20.0,20.063,-4.704
46811,PSP,EE,Brown,Right,20.0,20.146,-3.925
46811,PSP,WW,Brown,Right,20.0,20.14,-4.768
47345,PSS,EE,Brown,Right,20.0,20.004,-2.281
47345,PSS,WW,Brown,Right,20.0,20.007,-2.237
47345,PSS,EE,Brown,Right,20.0,20.031,-2.258
47345,PSS,WW,Brown,Right,20.0,20.003,-2.209
47346,PSS,EE,Brown,Right,20.0,20.002,-2.332
47346,PSS,WW,Brown,Right,20.0,20.003,-2.32
47346,PSS,EE,Brown,Right,20.0,20.008,-2.33
47346,PSS,WW,Brown,Right,20.0,20.003,-2.337
47346,PSS,EE,Brown,Right,20.0,20.003,-2.433
47346,PSS,WW,Brown,Right,20.0,20.003,-2.404
47346,PSS,EE,Brown,Right,20.0,20.005,-2.417
47346,PSS,WW,Brown,Right,20.0,20.015,-2.351
47346,PSS,EE,Brown,Right,20.0,20.009,-2.399
47346,PSS,WW,Brown,Right,20.0,20.001,-2.403
47346,PSS,EE,Brown,Right,20.0,20.01,-2.482
47346,PSS,WW,Brown,Right,20.0,20.002,-2.427
47346,PSS,EE,Brown,Right,20.0,20.003,-2.238
47346,PSS,WW,Brown,Right,20.0,20.002,-2.268
47346,PSS,EE,Brown,Right,20.0,20.004,-2.294
47346,PSS,WW,Brown,Right,20.0,20.003,-2.303
47347,PSS,EE,Brown,Right,20.0,20.006,-2.32
47347,PSS,WW,Brown,Right,20.0,20.005,-2.17
47347,PSS,EE,Brown,Right,20.0,20.001,-2.311
47347,PSS,WW,Brown,Right,20.0,20.004,-2.179
47347,PSS,EE,Brown,Right,20.0,20.003,-2.358
47347,PSS,WW,Brown,Right,20.0,20.003,-2.21
47347,PSS,EE,Brown,Right,20.0,20.008,-2.313
47347,PSS,WW,Brown,Right,20.0,20.004,-2.271
47347,PSS,EE,Brown,Right,20.0,20.006,-2.352
47347,PSS,WW,Brown,Right,20.0,20.018,-2.276
47347,PSS,EE,Brown,Right,20.0,20.011,-2.308
47347,PSS,WW,Brown,Right,20.0,20.007,-2.105
47347,PSS,EE,Brown,Right,20.0,20.009,-2.289
47347,PSS,WW,Brown,Right,20.0,20.003,-2.111
47347,PSS,EE,Brown,Right,20.0,20.012,-2.286
47347,PSS,WW,Brown,Right,20.0,20.008,-2.103
47365,2S,EE,Brown,Right,20.0,20.086,-2.272
47365,2S,WW,Brown,Right,20.0,20.138,-2.303
47365,2S,EE,Brown,Right,20.0,20.071,-2.311
47365,2S,WW,Brown,Right,20.0,20.09,-2.36
47365,2S,EE,Brown,Right,20.0,20.181,-2.359
47365,2S,WW,Brown,Right,20.0,20.208,-2.364
47365,2S,EE,Brown,Right,20.0,20.138,-2.38
47365,2S,WW,Brown,Right,20.0,20.13,-2.415
47365,2S,EE,Brown,Right,20.0,20.068,-2.152
47365,2S,WW,Brown,Right,20.0,20.108,-2.201
47365,2S,EE,Brown,Right,20.0,20.13,-2.168
47365,2S,WW,Brown,Right,20.0,20.185,-2.201
47365,2S,EE,Brown,Right,20.0,20.146,-2.243
47365,2S,WW,Brown,Right,20.0,20.129,-2.264
47365,2S,EE,Brown,Right,20.0,20.222,-2.278
47365,2S,WW,Brown,Right,20.0,20.202,-2.293
47366,2S,EE,Brown,Right,20.0,20.098,-2.032
47366,2S,WW,Brown,Right,20.0,20.106,-2.122
47366,2S,EE,Brown,Right,20.0,20.065,-2.077
47366,2S,WW,Brown,Right,20.0,20.103,-2.121
47366,2S,EE,Brown,Right,20.0,20.123,-2.154
47366,2S,WW,Brown,Right,20.0,20.121,-2.209
47366,2S,EE,Brown,Right,20.0,20.145,-2.158
47366,2S,WW,Brown,Right,20.0,20.121,-2.212
47366,2S,EE,Brown,Right,20.0,20.09,-2.216
47366,2S,WW,Brown,Right,20.0,20.129,-2.23
47366,2S,EE,Brown,Right,20.0,20.104,-2.005
47366,2S,WW,Brown,Right,20.0,20.135,-1.994
47366,2S,EE,Brown,Right,20.0,20.163,-2.022
47366,2S,WW,Brown,Right,20.0,20.146,-1.994
47366,2S,EE,Brown,Right,20.0,20.172,-1.985
47366,2S,WW,Brown,Right,20.0,20.15,-1.991
47375,2S,EE,Brown,Right,20.0,20.082,-1.901
47375,2S,WW,Brown,Right,20.0,20.128,-1.732
47375,2S,EE,Brown,Right,20.0,20.118,-1.899
47375,2S,WW,Brown,Right,20.0,20.146,-1.769
47375,2S,EE,Brown,Right,20.0,20.167,-1.891
47375,2S,WW,Brown,Right,20.0,20.156,-1.773
47375,2S,EE,Brown,Right,20.0,20.181,-1.973
47375,2S,WW,Brown,Right,20.0,20.159,-1.766
47375,2S,EE,Brown,Right,20.0,20.048,-1.967
47375,2S,WW,Brown,Right,20.0,20.088,-1.777
47375,2S,EE,Brown,Right,20.0,20.116,-2.066
47375,2S,WW,Brown,Right,20.0,20.135,-1.861
47375,2S,EE,Brown,Right,20.0,20.131,-1.749
47375,2S,WW,Brown,Right,20.0,20.12,-1.652
47375,2S,EE,Brown,Right,20.0,20.172,-1.846
47375,2S,WW,Brown,Right,20.0,20.148,-1.712
47376,2S,EE,Brown,Right,20.0,20.11,-2.513
47376,2S,WW,Brown,Right,20.0,20.161,-2.463
47376,2S,EE,Brown,Right,20.0,20.079,-2.525
47376,2S,WW,Brown,Right,20.0,20.134,-2.5
47376,2S,EE,Brown,Right,20.0,20.195,-2.605
47376,2S,WW,Brown,Right,20.0,20.178,-2.556
47376,2S,EE,Brown,Right,20.0,20.168,-2.637
47376,2S,WW,Brown,Right,20.0,20.145,-2.592
47376,2S,EE,Brown,Right,20.0,20.096,-2.771
47376,2S,WW,Brown,Right,20.0,20.125,-2.666
47376,2S,EE,Brown,Right,20.0,20.119,-2.814
47376,2S,WW,Brown,Right,20.0,20.157,-2.698
47376,2S,EE,Brown,Right,20.0,20.16,-2.348
47376,2S,WW,Brown,Right,20.0,20.155,-2.275
47376,2S,EE,Brown,Right,20.0,20.195,-2.396
47376,2S,WW,Brown,Right,20.0,20.173,-2.343
47991,2S,EE,Brown,Right,20.0,20.006,-2.136
47991,2S,WW,Brown,Right,20.0,20.008,-2.199
47991,2S,EE,Brown,Right,20.0,20.002,-2.142
47991,2S,WW,Brown,Right,20.0,20.002,-2.242
47991,2S,EE,Brown,Right,20.0,20.04,-2.222
47991,2S,WW,Brown,Right,20.0,20.036,-2.306
47991,2S,EE,Brown,Right,20.0,20.018,-2.19
47991,2S,WW,Brown,Right,20.0,20.012,-2.259
47991,2S,EE,Brown,Right,20.0,20.017,-2.331
47991,2S,WW,Brown,Right,20.0,20.046,-2.372
47991,2S,EE,Brown,Right,20.0,20.033,-2.0
47991,2S,WW,Brown,Right,20.0,20.055,-2.078
47991,2S,EE,Brown,Right,20.0,20.088,-2.055
47991,2S,WW,Brown,Right,20.0,20.068,-2.137
47991,2S,EE,Brown,Right,20.0,20.087,-2.036
47991,2S,WW,Brown,Right,20.0,20.061,-2.094
47992,2S,EE,Brown,Right,20.0,20.007,-2.474
47992,2S,WW,Brown,Right,20.0,20.02,-2.427
47992,2S,EE,Brown,Right,20.0,20.004,-2.188
47992,2S,WW,Brown,Right,20.0,20.07,-2.219
47992,2S,EE,Brown,Right,20.0,20.058,-2.303
47992,2S,WW,Brown,Right,20.0,20.058,-2.322
47992,2S,EE,Brown,Right,20.0,20.106,-2.266
47992,2S,WW,Brown,Right,20.0,20.117,-2.318
47992,2S,EE,Brown,Right,20.0,20.034,-1.99
47992,2S,WW,Brown,Right,20.0,20.069,-1.999
47992,2S,EE,Brown,Right,20.0,20.126,-2.034
47992,2S,WW,Brown,Right,20.0,20.193,-2.072
47992,2S,EE,Brown,Right,20.0,20.105,-2.13
47992,2S,WW,Brown,Right,20.0,20.098,-2.168
47992,2S,EE,Brown,Right,20.0,20.241,-2.131
47992,2S,WW,Brown,Right,20.0,20.226,-2.181
48216,2S,EE,Brown,Right,20.0,20.146,-1.697
48216,2S,WW,Brown,Right,20.0,20.207,-1.604
48216,2S,EE,Brown,Right,20.0,20.152,-1.784
48216,2S,WW,Brown,Right,20.0,20.205,-1.702
48216,2S,EE,Brown,Right,20.0,20.255,-1.872
48216,2S,WW,Brown,Right,20.0,20.13,-1.788
48216,2S,EE,Brown,Right,20.0,20.242,-1.784
48216,2S,WW,Brown,Right,20.0,20.225,-1.752
48216,2S,EE,Brown,Right,20.0,20.07,-1.832
48216,2S,WW,Brown,Right,20.0,20.119,-1.737
48216,2S,EE,Brown,Right,20.0,20.056,-1.785
48216,2S,WW,Brown,Right,20.0,20.107,-1.691
48216,2S,EE,Brown,Right,20.0,20.154,-1.669
48216,2S,WW,Brown,Right,20.0,20.144,-1.598
48216,2S,EE,Brown,Right,20.0,20.147,-1.769
48216,2S,WW,Brown,Right,20.0,20.133,-1.68
48217,2S,EE,Brown,Right,20.0,20.058,-2.471
48217,2S,WW,Brown,Right,20.0,20.108,-2.446
48217,2S,EE,Brown,Right,20.0,20.08,-2.442
48217,2S,WW,Brown,Right,20.0,20.123,-2.473
48217,2S,EE,Brown,Right,20.0,20.147,-2.429
48217,2S,WW,Brown,Right,20.0,20.136,-2.423
48217,2S,EE,Brown,Right,20.0,20.163,-2.403
48217,2S,WW,Brown,Right,20.0,20.137,-2.396
48217,2S,EE,Brown,Right,20.0,20.038,-2.462
48217,2S,WW,Brown,Right,20.0,20.094,-2.41
48217,2S,EE,Brown,Right,20.0,20.088,-2.383
48217,2S,WW,Brown,Right,20.0,20.117,-2.368
48217,2S,EE,Brown,Right,20.0,20.126,-2.216
48217,2S,WW,Brown,Right,20.0,20.106,-2.218
48217,2S,EE,Brown,Right,20.0,20.146,-2.274
48217,2S,WW,Brown,Right,20.0,20.123,-2.302
48235,2S,EE,Brown,Right,20.0,20.042,-2.778
48235,2S,WW,Brown,Right,20.0,20.088,-2.684
48235,2S,EE,Brown,Right,20.0,20.072,-2.69
48235,2S,WW,Brown,Right,20.0,20.109,-2.69
48235,2S,EE,Brown,Right,20.0,20.124,-2.771
48235,2S,WW,Brown,Right,20.0,20.115,-2.702
48235,2S,EE,Brown,Right,20.0,20.133,-2.774
48235,2S,WW,Brown,Right,20.0,20.11,-2.716
48235,2S,EE,Brown,Right,20.0,20.025,-2.584
48235,2S,WW,Brown,Right,20.0,20.078,-2.558
48235,2S,EE,Brown,Right,20.0,20.062,-2.575
48235,2S,WW,Brown,Right,20.0,20.095,-2.507
48235,2S,EE,Brown,Right,20.0,20.118,-2.634
48235,2S,WW,Brown,Right,20.0,20.106,-2.591
48235,2S,EE,Brown,Right,20.0,20.124,-2.617
48235,2S,WW,Brown,Right,20.0,20.091,-2.586
48236,2S,EE,Brown,Right,20.0,20.036,-2.49
48236,2S,WW,Brown,Right,20.0,20.084,-2.422
48236,2S,EE,Brown,Right,20.0,20.068,-2.441
48236,2S,WW,Brown,Right,20.0,20.115,-2.439
48236,2S,EE,Brown,Right,20.0,20.123,-2.499
48236,2S,WW,Brown,Right,20.0,20.112,-2.51
48236,2S,EE,Brown,Right,20.0,20.152,-2.505
48236,2S,WW,Brown,Right,20.0,20.132,-2.489
48236,2S,EE,Brown,Right,20.0,20.044,-2.601
48236,2S,WW,Brown,Right,20.0,20.102,-2.574
48236,2S,EE,Brown,Right,20.0,20.09,-2.246
48236,2S,WW,Brown,Right,20.0,20.137,-2.194
48236,2S,EE,Brown,Right,20.0,20.153,-2.295
48236,2S,WW,Brown,Right,20.0,20.139,-2.295
48236,2S,EE,Brown,Right,20.0,20.17,-2.296
48236,2S,WW,Brown,Right,20.0,20.145,-2.308
48237,2S,EE,Brown,Right,20.0,20.082,-2.339
48237,2S,WW,Brown,Right,20.0,20.11,-2.302
48237,2S,EE,Brown,Right,20.0,20.013,-2.362
48237,2S,WW,Brown,Right,20.0,20.045,-2.332
48237,2S,EE,Brown,Right,20.0,20.146,-2.389
48237,2S,WW,Brown,Right,20.0,20.132,-2.355
48237,2S,EE,Brown,Right,20.0,20.081,-2.391
48237,2S,WW,Brown,Right,20.0,20.058,-2.365
48237,2S,EE,Brown,Right,20.0,20.008,-2.219
48237,2S,WW,Brown,Right,20.0,20.03,-2.191
48237,2S,EE,Brown,Right,20.0,20.023,-2.195
48237,2S,WW,Brown,Right,20.0,20.058,-2.189
48237,2S,EE,Brown,Right,20.0,20.081,-2.232
48237,2S,WW,Brown,Right,20.0,20.072,-2.19
48237,2S,EE,Brown,Right,20.0,20.09,-2.29
48237,2S,WW,Brown,Right,20.0,20.071,-2.281
48238,2S,EE,Brown,Right,20.0,20.069,-2.577
48238,2S,WW,Brown,Right,20.0,20.118,-2.489
48238,2S,EE,Brown,Right,20.0,20.107,-2.561
48238,2S,WW,Brown,Right,20.0,20.146,-2.521
48238,2S,EE,Brown,Right,20.0,20.16,-2.534
48238,2S,WW,Brown,Right,20.0,20.157,-2.485
48238,2S,EE,Brown,Right,20.0,20.177,-2.583
48238,2S,WW,Brown,Right,20.0,20.152,-2.509
48238,2S,EE,Brown,Right,20.0,20.104,-2.615
48238,2S,WW,Brown,Right,20.0,20.138,-2.515
48238,2S,EE,Brown,Right,20.0,20.05,-2.34
48238,2S,WW,Brown,Right,20.0,20.123,-2.299
48238,2S,EE,Brown,Right,20.0,20.179,-2.418
48238,2S,WW,Brown,Right,20.0,20.164,-2.375
48238,2S,EE,Brown,Right,20.0,20.171,-2.376
48238,2S,WW,Brown,Right,20.0,20.073,-2.313
48240,2S,EE,Brown,Right,20.0,20.009,-2.09
48240,2S,WW,Brown,Right,20.0,20.007,-2.076
48240,2S,EE,Brown,Right,20.0,20.015,-2.141
48240,2S,WW,Brown,Right,20.0,20.04,-2.138
48240,2S,EE,Brown,Right,20.0,20.021,-2.129
48240,2S,WW,Brown,Right,20.0,20.028,-2.154
48240,2S,EE,Brown,Right,20.0,20.082,-2.117
48240,2S,WW,Brown,Right,20.0,20.061,-2.126
48240,2S,EE,Brown,Right,20.0,20.008,-1.887
48240,2S,WW,Brown,Right,20.0,20.026,-1.913
48240,2S,EE,Brown,Right,20.0,20.015,-1.964
48240,2S,WW,Brown,Right,20.0,20.058,-1.935
48240,2S,EE,Brown,Right,20.0,20.067,-1.988
48240,2S,WW,Brown,Right,20.0,20.059,-2.002
48240,2S,EE,Brown,Right,20.0,20.096,-1.974
48240,2S,WW,Brown,Right,20.0,20.081,-1.983
48241,2S,EE,Brown,Right,20.0,20.02,-2.276
48241,2S,WW,Brown,Right,20.0,20.058,-2.304
48241,2S,EE,Brown,Right,20.0,20.034,-2.285
48241,2S,WW,Brown,Right,20.0,20.075,-2.352
48241,2S,EE,Brown,Right,20.0,20.095,-2.292
48241,2S,WW,Brown,Right,20.0,20.092,-2.305
48241,2S,EE,Brown,Right,20.0,20.108,-2.407
48241,2S,WW,Brown,Right,20.0,20.086,-2.403
48241,2S,EE,Brown,Right,20.0,20.013,-2.074
48241,2S,WW,Brown,Right,20.0,20.055,-2.093
48241,2S,EE,Brown,Right,20.0,20.003,-2.093
48241,2S,WW,Brown,Right,20.0,20.018,-2.112
48241,2S,EE,Brown,Right,20.0,20.135,-2.188
48241,2S,WW,Brown,Right,20.0,20.111,-2.231
48241,2S,EE,Brown,Right,20.0,20.062,-2.193
48241,2S,WW,Brown,Right,20.0,20.057,-2.219
48242,2S,EE,Brown,Right,20.0,20.008,-2.31
48242,2S,WW,Brown,Right,20.0,20.032,-2.314
48242,2S,EE,Brown,Right,20.0,20.013,-2.29
48242,2S,WW,Brown,Right,20.0,20.026,-2.316
48242,2S,EE,Brown,Right,20.0,20.069,-2.377
48242,2S,WW,Brown,Right,20.0,20.059,-2.361
48242,2S,EE,Brown,Right,20.0,20.043,-2.388
48242,2S,WW,Brown,Right,20.0,20.034,-2.339
48242,2S,EE,Brown,Right,20.0,20.006,-2.395
48242,2S,WW,Brown,Right,20.0,20.024,-2.398
48242,2S,EE,Brown,Right,20.0,20.006,-2.468
48242,2S,WW,Brown,Right,20.0,20.034,-2.43
48242,2S,EE,Brown,Right,20.0,20.059,-2.17
48242,2S,WW,Brown,Right,20.0,20.043,-2.211
48242,2S,EE,Brown,Right,20.0,20.083,-2.166
48242,2S,WW,Brown,Right,20.0,20.078,-2.208
48243,2S,EE,Brown,Right,20.0,20.01,-2.271
48243,2S,WW,Brown,Right,20.0,20.017,-2.27
48243,2S,EE,Brown,Right,20.0,20.005,-2.365
48243,2S,WW,Brown,Right,20.0,20.005,-2.342
48243,2S,EE,Brown,Right,20.0,20.036,-2.302
48243,2S,WW,Brown,Right,20.0,20.023,-2.3
48243,2S,EE,Brown,Right,20.0,20.009,-2.383
48243,2S,WW,Brown,Right,20.0,20.013,-2.301
48243,2S,EE,Brown,Right,20.0,20.012,-2.149
48243,2S,WW,Brown,Right,20.0,20.021,-2.154
48243,2S,EE,Brown,Right,20.0,20.015,-2.067
48243,2S,WW,Brown,Right,20.0,20.025,-2.064
48243,2S,EE,Brown,Right,20.0,20.08,-2.13
48243,2S,WW,Brown,Right,20.0,20.052,-2.15
48243,2S,EE,Brown,Right,20.0,20.058,-2.168
48243,2S,WW,Brown,Right,20.0,20.033,-2.106
