batch_number,Type,TOX_NM,Location,KIND_OF_HM_SET_ID
35496,PSP,651.202,HEPHY,Left
35496,PSP,661.063,HEPHY,Left
35496,PSP,655.068,HEPHY,Left
35496,PSP,660.352,HEPHY,Left
35496,PSP,658.84,HEPHY,Left
35496,PSP,652.674,HEPHY,Left
35496,PSP,653.0409999999999,HEPHY,Right
35496,PSP,658.7339999999999,HEPHY,Right
35496,PSP,658.804,HEPHY,Left
35496,PSP,649.717,HEPHY,Left
35496,PSP,658.09,HEPHY,Left
35496,PSP,659.419,HEPHY,Left
35496,PSP,650.29,HEPHY,Left
35496,PSP,657.435,HEPHY,Left
35496,PSP,661.1460000000001,HEPHY,Right
35496,PSP,654.094,HEPHY,Right
35496,PSP,649.471,HEPHY,Left
35496,PSP,655.6110000000001,HEPHY,Left
35496,PSP,653.4159999999999,HEPHY,Left
35496,PSP,657.66,HEPHY,Left
35496,PSP,650.849,HEPHY,Left
35496,PSP,651.8530000000001,HEPHY,Left
35496,PSP,651.1469999999999,HEPHY,Right
35496,PSP,649.0830000000001,HEPHY,Right
35496,PSP,651.506,HEPHY,Right
35496,PSP,647.606,HEPHY,Right
35496,PSP,648.867,HEPHY,Right
35496,PSP,648.95,HEPHY,Right
35496,PSP,651.775,HEPHY,Right
35496,PSP,652.211,HEPHY,Right
35496,PSP,647.4209999999999,HEPHY,Left
35496,PSP,644.987,HEPHY,Left
35499,PSP,650.799,HEPHY,Right
35499,PSP,659.801,HEPHY,Right
35499,PSP,655.4019999999999,HEPHY,Left
35499,PSP,655.393,HEPHY,Left
35499,PSP,647.888,HEPHY,Right
35499,PSP,657.416,HEPHY,Right
35499,PSP,650.985,HEPHY,Left
35499,PSP,656.2589999999999,HEPHY,Left
35499,PSP,648.705,HEPHY,Left
35499,PSP,657.132,HEPHY,Left
35499,PSP,652.863,HEPHY,Right
35499,PSP,652.342,HEPHY,Right
35499,PSP,654.633,HEPHY,Right
35499,PSP,651.87,HEPHY,Right
35499,PSP,653.865,HEPHY,Right
35499,PSP,653.5740000000001,HEPHY,Right
35499,PSP,650.123,HEPHY,Right
35499,PSP,654.234,HEPHY,Right
35499,PSP,653.378,HEPHY,Left
35499,PSP,651.326,HEPHY,Left
35499,PSP,652.389,HEPHY,Left
35499,PSP,652.391,HEPHY,Left
35499,PSP,648.719,HEPHY,Right
35499,PSP,647.053,HEPHY,Right
35499,PSP,652.691,HEPHY,Left
35499,PSP,646.526,HEPHY,Left
35499,PSP,650.234,HEPHY,Left
35499,PSP,648.5419999999999,HEPHY,Left
35499,PSP,650.957,HEPHY,Left
35499,PSP,648.484,HEPHY,Left
35499,PSP,649.924,HEPHY,Left
35499,PSP,649.359,HEPHY,Left
35499,PSP,652.289,HEPHY,Right
35499,PSP,653.362,HEPHY,Right
35499,PSP,648.0980000000001,HEPHY,Right
35499,PSP,650.679,HEPHY,Right
35499,PSP,654.183,HEPHY,Right
35499,PSP,648.553,HEPHY,Right
35499,PSP,651.073,HEPHY,Left
35499,PSP,652.962,HEPHY,Left
35953,2-S,672.313,HEPHY,Left
35953,2-S,679.4689999999999,HEPHY,Left
35953,2-S,677.9839999999999,HEPHY,Right
35953,2-S,669.5169999999999,HEPHY,Right
35953,2-S,671.26,HEPHY,Right
35953,2-S,677.8539999999999,HEPHY,Right
35953,2-S,671.7289999999999,HEPHY,Left
35953,2-S,683.8919999999999,HEPHY,Left
35953,2-S,669.803,HEPHY,Left
35953,2-S,675.73,HEPHY,Left
35953,2-S,674.565,HEPHY,Left
35953,2-S,666.582,HEPHY,Left
35953,2-S,677.2,HEPHY,Left
35953,2-S,672.5830000000001,HEPHY,Left
35953,2-S,674.5269999999999,HEPHY,Right
35953,2-S,665.4939999999999,HEPHY,Right
35953,2-S,669.0239999999999,HEPHY,Right
35953,2-S,676.288,HEPHY,Right
35953,2-S,667.0939999999999,HEPHY,Left
35953,2-S,672.21,HEPHY,Left
35953,2-S,669.697,HEPHY,Right
35953,2-S,671.505,HEPHY,Right
35953,2-S,665.195,HEPHY,Right
35953,2-S,671.055,HEPHY,Right
35953,2-S,669.525,HEPHY,Right
35953,2-S,671.7769999999999,HEPHY,Right
35953,2-S,666.018,HEPHY,Left
35953,2-S,672.0010000000001,HEPHY,Left
35953,2-S,665.477,HEPHY,Right
35953,2-S,669.815,HEPHY,Right
35957,2-S,670.436,HEPHY,Left
35957,2-S,678.8610000000001,HEPHY,Left
35957,2-S,672.012,HEPHY,Right
35957,2-S,679.903,HEPHY,Right
35957,2-S,677.4119999999999,HEPHY,Left
35957,2-S,670.775,HEPHY,Left
35957,2-S,678.3910000000001,HEPHY,Right
35957,2-S,673.6,HEPHY,Right
35957,2-S,680.085,HEPHY,Left
35957,2-S,668.716,HEPHY,Left
35957,2-S,675.425,HEPHY,Left
35957,2-S,671.336,HEPHY,Left
35957,2-S,667.824,HEPHY,Left
35957,2-S,677.905,HEPHY,Left
35957,2-S,677.862,HEPHY,Left
35957,2-S,669.816,HEPHY,Left
35957,2-S,670.0889999999999,HEPHY,Left
35957,2-S,672.812,HEPHY,Left
35957,2-S,669.875,HEPHY,Right
35957,2-S,677.883,HEPHY,Right
35957,2-S,667.8539999999999,HEPHY,Right
35957,2-S,675.3660000000001,HEPHY,Right
35957,2-S,881.48,HEPHY,Left
35957,2-S,667.8639999999999,HEPHY,Left
35957,2-S,672.405,HEPHY,Left
35957,2-S,666.35,HEPHY,Right
35957,2-S,676.3910000000001,HEPHY,Right
35957,2-S,670.079,HEPHY,Left
35957,2-S,666.424,HEPHY,Left
35957,2-S,671.302,HEPHY,Left
35957,2-S,669.665,HEPHY,Left
35958,2-S,683.435,HEPHY,Right
35958,2-S,671.9989999999999,HEPHY,Right
35958,2-S,675.3560000000001,HEPHY,Right
35958,2-S,683.187,HEPHY,Right
35958,2-S,671.565,HEPHY,Right
35958,2-S,680.841,HEPHY,Right
35958,2-S,680.2389999999999,HEPHY,Left
35958,2-S,673.0319999999999,HEPHY,Left
35958,2-S,678.87,HEPHY,Left
35958,2-S,678.248,HEPHY,Left
35958,2-S,676.275,HEPHY,Left
35958,2-S,673.133,HEPHY,Left
35958,2-S,673.763,HEPHY,Right
35958,2-S,667.46,HEPHY,Right
35958,2-S,670.653,HEPHY,Right
35958,2-S,674.4830000000001,HEPHY,Right
35958,2-S,668.4639999999999,HEPHY,Right
35958,2-S,674.237,HEPHY,Right
35958,2-S,671.546,HEPHY,Right
35958,2-S,673.937,HEPHY,Right
35958,2-S,673.613,HEPHY,Right
35958,2-S,671.048,HEPHY,Right
35958,2-S,668.2360000000001,HEPHY,Right
35958,2-S,672.982,HEPHY,Right
35958,2-S,667.2389999999999,HEPHY,Right
35958,2-S,674.033,HEPHY,Right
35958,2-S,669.924,HEPHY,Left
35958,2-S,673.538,HEPHY,Left
35958,2-S,673.783,HEPHY,Right
35958,2-S,667.779,HEPHY,Right
35958,2-S,676.64,HEPHY,Right
35958,2-S,670.6110000000001,HEPHY,Right
36239,2-S,664.182,HEPHY,Left
36239,2-S,675.815,HEPHY,Left
36239,2-S,667.155,HEPHY,Right
36239,2-S,674.05,HEPHY,Right
36239,2-S,668.617,HEPHY,Right
36239,2-S,681.826,HEPHY,Right
36239,2-S,675.6160000000001,HEPHY,Right
36239,2-S,669.7130000000001,HEPHY,Right
36239,2-S,678.347,HEPHY,Left
36239,2-S,667.3,HEPHY,Left
36239,2-S,668.284,HEPHY,Right
36239,2-S,679.622,HEPHY,Right
36239,2-S,667.063,HEPHY,Right
36239,2-S,674.9960000000001,HEPHY,Right
36239,2-S,669.2869999999999,HEPHY,Left
36239,2-S,673.4119999999999,HEPHY,Left
36239,2-S,665.4739999999999,HEPHY,Left
36239,2-S,672.5089999999999,HEPHY,Left
36239,2-S,663.2860000000001,HEPHY,Left
36239,2-S,670.073,HEPHY,Left
36239,2-S,661.6389999999999,HEPHY,Left
36239,2-S,671.097,HEPHY,Left
36239,2-S,662.008,HEPHY,Left
36239,2-S,667.7689999999999,HEPHY,Left
36240,2-S,666.451,HEPHY,Left
36240,2-S,677.4689999999999,HEPHY,Left
36240,2-S,669.454,HEPHY,Left
36240,2-S,678.1519999999999,HEPHY,Left
36240,2-S,672.2739999999999,HEPHY,Left
36240,2-S,678.172,HEPHY,Left
36240,2-S,670.9639999999999,HEPHY,Left
36240,2-S,674.31,HEPHY,Left
36240,2-S,664.01,HEPHY,Left
36240,2-S,676.8969999999999,HEPHY,Left
36240,2-S,675.1239999999999,HEPHY,Left
36240,2-S,668.5889999999999,HEPHY,Left
36240,2-S,672.0089999999999,HEPHY,Right
36240,2-S,664.73,HEPHY,Right
36240,2-S,672.049,HEPHY,Left
36240,2-S,674.429,HEPHY,Left
36240,2-S,666.242,HEPHY,Left
36240,2-S,672.888,HEPHY,Left
36240,2-S,668.444,HEPHY,Left
36240,2-S,668.992,HEPHY,Left
36240,2-S,680.5260000000001,HEPHY,Left
36240,2-S,667.676,HEPHY,Left
36240,2-S,665.2919999999999,HEPHY,Left
36240,2-S,673.9760000000001,HEPHY,Left
36241,2-S,676.186,HEPHY,Left
36241,2-S,686.951,HEPHY,Left
36241,2-S,677.331,HEPHY,Left
36241,2-S,690.922,HEPHY,Left
36241,2-S,676.342,HEPHY,Left
36241,2-S,688.665,HEPHY,Left
36241,2-S,674.921,HEPHY,Left
36241,2-S,688.7389999999999,HEPHY,Left
36241,2-S,674.569,HEPHY,Left
36241,2-S,685.932,HEPHY,Left
36241,2-S,671.1189999999999,HEPHY,Left
36241,2-S,683.465,HEPHY,Left
36241,2-S,675.438,HEPHY,Left
36241,2-S,680.748,HEPHY,Left
36241,2-S,669.097,HEPHY,Left
36241,2-S,680.671,HEPHY,Left
36241,2-S,668.3430000000001,HEPHY,Left
36241,2-S,677.452,HEPHY,Left
36241,2-S,668.445,HEPHY,Left
36241,2-S,677.916,HEPHY,Left
36243,2-S,640.0, ,Left
36243,2-S,640.0, ,Left
36243,2-S,640.0, ,Left
36243,2-S,640.0, ,Left
36243,2-S,640.0, ,Left
36243,2-S,640.0, ,Left
36243,2-S,640.0, ,Left
36243,2-S,640.0, ,Left
36243,2-S,640.0, ,Left
36243,2-S,640.0, ,Left
36243,2-S,640.0, ,Left
36243,2-S,640.0, ,Left
36243,2-S,640.0, ,Left
36243,2-S,640.0, ,Left
36243,2-S,640.0, ,Left
36243,2-S,640.0, ,Left
36243,2-S,640.0, ,Left
36245,2-S,666.574,Brown,Right
36245,2-S,666.574,Brown,Right
36245,2-S,666.574,Brown,Right
36245,2-S,666.574,Brown,Right
36245,2-S,666.574,Brown,Right
36245,2-S,658.955,Brown,Right
36245,2-S,658.955,Brown,Right
36245,2-S,658.955,Brown,Right
36245,2-S,666.299,Brown,Right
36245,2-S,666.299,Brown,Right
36245,2-S,666.299,Brown,Right
36245,2-S,666.299,Brown,Right
36245,2-S,658.035,Brown,Right
36245,2-S,658.035,Brown,Right
36245,2-S,664.495,Brown,Right
36245,2-S,664.495,Brown,Right
36245,2-S,664.495,Brown,Right
36245,2-S,664.495,Brown,Right
36245,2-S,658.829,Brown,Right
36245,2-S,658.829,Brown,Right
36245,2-S,660.203,Brown,Right
36245,2-S,660.203,Brown,Right
36245,2-S,660.203,Brown,Right
36245,2-S,660.203,Brown,Right
36245,2-S,659.054,Brown,Right
36245,2-S,659.054,Brown,Right
36245,2-S,659.625,Brown,Right
36245,2-S,659.625,Brown,Right
36245,2-S,659.625,Brown,Right
36245,2-S,659.625,Brown,Right
36245,2-S,652.71,Brown,Right
36245,2-S,652.71,Brown,Right
36245,2-S,662.199,Brown,Right
36245,2-S,662.199,Brown,Right
36245,2-S,662.199,Brown,Right
36245,2-S,662.199,Brown,Right
36245,2-S,652.148,Brown,Right
36245,2-S,652.148,Brown,Right
36245,2-S,659.314,Brown,Right
36245,2-S,659.314,Brown,Right
36245,2-S,659.314,Brown,Right
36245,2-S,659.314,Brown,Right
36245,2-S,652.43,Brown,Right
36245,2-S,652.43,Brown,Right
36245,2-S,659.467,Brown,Right
36245,2-S,659.467,Brown,Right
36245,2-S,659.467,Brown,Right
36245,2-S,659.467,Brown,Right
36245,2-S,652.798,Brown,Right
36245,2-S,652.798,Brown,Right
36245,2-S,657.336,Brown,Right
36245,2-S,657.336,Brown,Right
36245,2-S,657.336,Brown,Right
36245,2-S,657.336,Brown,Right
36245,2-S,652.8919999999999,Brown,Right
36245,2-S,652.8919999999999,Brown,Right
36246,2-S,662.96,Brown,Right
36246,2-S,657.003,Brown,Right
36246,2-S,664.695,Brown,Right
36246,2-S,657.7280000000001,Brown,Right
36246,2-S,664.1489999999999,Brown,Right
36246,2-S,656.946,Brown,Right
36246,2-S,663.847,Brown,Right
36246,2-S,657.48,Brown,Right
36246,2-S,662.054,Brown,Right
36246,2-S,657.439,Brown,Right
36246,2-S,660.559,Brown,Right
36246,2-S,655.742,Brown,Right
36246,2-S,658.995,Brown,Right
36246,2-S,654.0459999999999,Brown,Right
36246,2-S,659.577,Brown,Right
36246,2-S,654.693,Brown,Right
36246,2-S,658.6510000000001,Brown,Right
36246,2-S,651.63,Brown,Right
36696,PSS,676.467,Brown,Right
36696,PSS,676.467,Brown,Right
36696,PSS,664.32,Brown,Right
36696,PSS,664.32,Brown,Right
36696,PSS,674.0239999999999,Brown,Right
36696,PSS,674.0239999999999,Brown,Right
36696,PSS,669.043,Brown,Right
36696,PSS,669.043,Brown,Right
36696,PSS,677.084,Brown,Right
36696,PSS,677.084,Brown,Right
36696,PSS,670.1469999999999,Brown,Right
36696,PSS,670.1469999999999,Brown,Right
36696,PSS,678.955,Brown,Right
36696,PSS,678.955,Brown,Right
36696,PSS,675.9910000000001,Brown,Right
36696,PSS,675.9910000000001,Brown,Right
36696,PSS,669.556,Brown,Right
36696,PSS,669.556,Brown,Right
36696,PSS,668.154,Brown,Right
36696,PSS,668.154,Brown,Right
36696,PSS,665.14,Brown,Right
36696,PSS,665.14,Brown,Right
36696,PSS,670.813,Brown,Right
36696,PSS,670.813,Brown,Right
36696,PSS,670.2919999999999,Brown,Right
36696,PSS,670.2919999999999,Brown,Right
36696,PSS,671.17,Brown,Right
36696,PSS,671.17,Brown,Right
36696,PSS,662.185,Brown,Right
36696,PSS,662.185,Brown,Right
36696,PSS,667.533,Brown,Right
36696,PSS,667.533,Brown,Right
36696,PSS,661.128,Brown,Right
36696,PSS,661.128,Brown,Right
36697,PSS,667.995,Brown,Right
36697,PSS,667.995,Brown,Right
36697,PSS,667.995,Brown,Right
36697,PSS,662.612,Brown,Right
36697,PSS,662.612,Brown,Right
36697,PSS,662.612,Brown,Right
36697,PSS,664.4839999999999,Brown,Right
36697,PSS,664.4839999999999,Brown,Right
36697,PSS,664.4839999999999,Brown,Right
36697,PSS,664.637,Brown,Right
36697,PSS,664.637,Brown,Right
36697,PSS,664.637,Brown,Right
36697,PSS,665.664,Brown,Right
36697,PSS,665.664,Brown,Right
36697,PSS,665.664,Brown,Right
36697,PSS,662.7660000000001,Brown,Right
36697,PSS,662.7660000000001,Brown,Right
36697,PSS,662.7660000000001,Brown,Right
36697,PSS,672.675,Brown,Right
36697,PSS,672.675,Brown,Right
36697,PSS,672.675,Brown,Right
36697,PSS,663.584,Brown,Right
36697,PSS,663.584,Brown,Right
36697,PSS,663.584,Brown,Right
36697,PSS,670.716,Brown,Right
36697,PSS,670.716,Brown,Right
36697,PSS,670.716,Brown,Right
36697,PSS,661.8960000000001,Brown,Right
36697,PSS,661.8960000000001,Brown,Right
36697,PSS,661.8960000000001,Brown,Right
36697,PSS,658.075,Brown,Right
36697,PSS,658.075,Brown,Right
36697,PSS,658.075,Brown,Right
36697,PSS,663.289,Brown,Right
36697,PSS,663.289,Brown,Right
36697,PSS,663.289,Brown,Right
36697,PSS,658.862,Brown,Right
36697,PSS,658.862,Brown,Right
36697,PSS,658.862,Brown,Right
36697,PSS,657.765,Brown,Right
36697,PSS,657.765,Brown,Right
36697,PSS,657.765,Brown,Right
36697,PSS,660.495,Brown,Right
36697,PSS,660.495,Brown,Right
36697,PSS,660.495,Brown,Right
36697,PSS,654.808,Brown,Right
36697,PSS,654.808,Brown,Right
36697,PSS,654.808,Brown,Right
36698,2-S,676.982,HEPHY,Left
36698,2-S,692.307,HEPHY,Left
36698,2-S,679.487,HEPHY,Left
36698,2-S,697.117,HEPHY,Left
36698,2-S,676.8539999999999,HEPHY,Left
36698,2-S,694.5310000000001,HEPHY,Left
36698,2-S,676.3889999999999,HEPHY,Left
36698,2-S,695.57,HEPHY,Left
36698,2-S,673.765,HEPHY,Left
36698,2-S,690.462,HEPHY,Left
36698,2-S,674.765,HEPHY,Left
36698,2-S,689.5160000000001,HEPHY,Left
36698,2-S,669.2389999999999,HEPHY,Left
36698,2-S,678.835,HEPHY,Left
36698,2-S,669.284,HEPHY,Left
36698,2-S,688.025,HEPHY,Left
36698,2-S,670.187,HEPHY,Left
36698,2-S,680.435,HEPHY,Left
36698,2-S,667.2080000000001,HEPHY,Left
36698,2-S,679.429,HEPHY,Left
36699,2-S,683.273,HEPHY,Left
36699,2-S,670.2339999999999,HEPHY,Left
36699,2-S,685.933,HEPHY,Left
36699,2-S,672.425,HEPHY,Left
36699,2-S,687.6310000000001,HEPHY,Left
36699,2-S,670.057,HEPHY,Left
36699,2-S,680.613,HEPHY,Left
36699,2-S,670.198,HEPHY,Left
36699,2-S,680.461,HEPHY,Left
36699,2-S,666.89,HEPHY,Left
36699,2-S,680.655,HEPHY,Left
36699,2-S,666.763,HEPHY,Left
36699,2-S,679.947,HEPHY,Left
36699,2-S,664.783,HEPHY,Left
36699,2-S,673.202,HEPHY,Left
36699,2-S,666.852,HEPHY,Left
36699,2-S,670.071,HEPHY,Left
36699,2-S,666.795,HEPHY,Left
36699,2-S,672.571,HEPHY,Left
36700,2-S,662.747,HEPHY,Left
36700,2-S,678.328,HEPHY,Left
36700,2-S,666.607,HEPHY,Left
36700,2-S,666.607,HEPHY,Left
36700,2-S,666.607,HEPHY,Left
36700,2-S,681.092,HEPHY,Left
36700,2-S,662.6310000000001,HEPHY,Left
36700,2-S,677.3760000000001,HEPHY,Left
36700,2-S,663.225,HEPHY,Left
36700,2-S,674.487,HEPHY,Left
36700,2-S,662.7189999999999,HEPHY,Left
36700,2-S,671.64,HEPHY,Left
36700,2-S,663.01,HEPHY,Left
36700,2-S,668.395,HEPHY,Left
36700,2-S,662.1339999999999,HEPHY,Left
36700,2-S,669.441,HEPHY,Left
36700,2-S,660.3580000000001,HEPHY,Left
36700,2-S,761.289,HEPHY,Left
36700,2-S,656.48,HEPHY,Left
36700,2-S,669.051,HEPHY,Left
36700,2-S,662.459,HEPHY,Left
36700,2-S,669.1569999999999,HEPHY,Left
36701,2-S,674.2239999999999,HEPHY,Left
36701,2-S,688.235,HEPHY,Left
36701,2-S,681.68,HEPHY,Left
36701,2-S,690.436,HEPHY,Left
36701,2-S,674.686,HEPHY,Left
36701,2-S,689.3480000000001,HEPHY,Left
36701,2-S,676.145,HEPHY,Left
36701,2-S,684.572,HEPHY,Left
36701,2-S,674.745,HEPHY,Left
36701,2-S,686.2689999999999,HEPHY,Left
36701,2-S,677.495,HEPHY,Left
36701,2-S,686.154,HEPHY,Left
36701,2-S,672.316,HEPHY,Left
36701,2-S,683.51,HEPHY,Left
36701,2-S,672.5260000000001,HEPHY,Left
36701,2-S,676.9789999999999,HEPHY,Left
36701,2-S,669.558,HEPHY,Left
36701,2-S,678.1139999999999,HEPHY,Left
36701,2-S,665.174,HEPHY,Left
36701,2-S,678.0310000000001,HEPHY,Left
36706,2-S,678.658,Brown,Right
36706,2-S,669.225,Brown,Right
36706,2-S,675.166,Brown,Right
36706,2-S,676.942,Brown,Right
36706,2-S,674.013,Brown,Right
36706,2-S,672.145,Brown,Right
36706,2-S,672.799,Brown,Right
36706,2-S,666.063,Brown,Right
36706,2-S,671.3380000000001,Brown,Right
36706,2-S,667.22,Brown,Right
36706,2-S,669.8510000000001,Brown,Right
36706,2-S,664.062,Brown,Right
36795,2-S,671.528,Brown,Right
36795,2-S,666.3480000000001,Brown,Right
36795,2-S,674.826,Brown,Right
36795,2-S,666.5160000000001,Brown,Right
36795,2-S,672.335,Brown,Right
36795,2-S,665.5139999999999,Brown,Right
36795,2-S,669.655,Brown,Right
36795,2-S,663.702,Brown,Right
36795,2-S,667.4810000000001,Brown,Right
36795,2-S,662.4019999999999,Brown,Right
36795,2-S,666.01,Brown,Right
36795,2-S,659.413,Brown,Right
36795,2-S,665.184,Brown,Right
36795,2-S,658.4,Brown,Right
36795,2-S,663.3639999999999,Brown,Right
36795,2-S,657.6139999999999,Brown,Right
36796,2-S,660.3910000000001,Brown,Right
36796,2-S,655.345,Brown,Right
36796,2-S,777.038,Brown,Right
36796,2-S,655.959,Brown,Right
36796,2-S,656.309,Brown,Right
36796,2-S,656.309,Brown,Right
36796,2-S,657.823,Brown,Right
36796,2-S,657.823,Brown,Right
36796,2-S,656.7139999999999,Brown,Right
36796,2-S,655.211,Brown,Right
36796,2-S,655.062,Brown,Right
36796,2-S,650.2,Brown,Right
36796,2-S,655.627,Brown,Right
36796,2-S,652.128,Brown,Right
36796,2-S,654.21,Brown,Right
36796,2-S,652.586,Brown,Right
36796,2-S,646.943,Brown,Right
36796,2-S,650.7919999999999,Brown,Right
36797,2-S,676.945,Brown,Right
36797,2-S,664.545,Brown,Right
36797,2-S,675.57,Brown,Right
36797,2-S,665.7360000000001,Brown,Right
36797,2-S,673.498,Brown,Right
36797,2-S,669.414,Brown,Right
36797,2-S,678.502,Brown,Right
36797,2-S,668.0830000000001,Brown,Right
36797,2-S,673.6089999999999,Brown,Right
36797,2-S,664.6089999999999,Brown,Right
36797,2-S,674.0060000000001,Brown,Right
36797,2-S,661.2689999999999,Brown,Right
36797,2-S,669.7310000000001,Brown,Right
36797,2-S,659.564,Brown,Right
36797,2-S,660.452,Brown,Right
36797,2-S,651.045,Brown,Right
36800,2-S,661.346,HEPHY,Left
36800,2-S,674.7869999999999,HEPHY,Left
36800,2-S,677.697,HEPHY,Left
36800,2-S,669.679,HEPHY,Left
36800,2-S,664.118,HEPHY,Left
36800,2-S,671.77,HEPHY,Left
36800,2-S,662.191,HEPHY,Left
36800,2-S,668.82,HEPHY,Left
36800,2-S,661.311,HEPHY,Left
36800,2-S,666.794,HEPHY,Left
36800,2-S,660.4060000000001,HEPHY,Left
36800,2-S,666.53,HEPHY,Left
36800,2-S,660.872,HEPHY,Left
36800,2-S,665.3560000000001,HEPHY,Left
36800,2-S,675.2739999999999,HEPHY,Left
36800,2-S,662.867,HEPHY,Left
36800,2-S,661.472,HEPHY,Left
36800,2-S,662.398,HEPHY,Left
36800,2-S,660.252,HEPHY,Left
36800,2-S,665.283,HEPHY,Left
36801,2-S,683.255,HEPHY,Left
36801,2-S,693.88,HEPHY,Left
36801,2-S,683.561,HEPHY,Left
36801,2-S,696.528,HEPHY,Left
36801,2-S,677.678,HEPHY,Left
36801,2-S,691.2589999999999,HEPHY,Left
36801,2-S,680.572,HEPHY,Left
36801,2-S,688.8789999999999,HEPHY,Left
36801,2-S,680.051,HEPHY,Left
36801,2-S,687.329,HEPHY,Left
36801,2-S,678.322,HEPHY,Left
36801,2-S,688.091,HEPHY,Left
36801,2-S,675.7410000000001,HEPHY,Left
36801,2-S,680.807,HEPHY,Left
36801,2-S,677.935,HEPHY,Left
36801,2-S,683.3710000000001,HEPHY,Left
36801,2-S,677.7360000000001,HEPHY,Left
36801,2-S,680.68,HEPHY,Left
36801,2-S,674.075,HEPHY,Left
36801,2-S,680.757,HEPHY,Left
36802,2-S,671.966,HEPHY,Left
36802,2-S,678.617,HEPHY,Left
36802,2-S,671.523,HEPHY,Left
36802,2-S,686.195,HEPHY,Left
36802,2-S,674.664,HEPHY,Left
36802,2-S,679.9060000000001,HEPHY,Left
36802,2-S,674.075,HEPHY,Left
36802,2-S,677.919,HEPHY,Left
36802,2-S,671.025,HEPHY,Left
36802,2-S,682.284,HEPHY,Left
36802,2-S,674.181,HEPHY,Left
36802,2-S,679.1569999999999,HEPHY,Left
36802,2-S,672.237,HEPHY,Left
36802,2-S,678.2769999999999,HEPHY,Left
36802,2-S,670.0110000000001,HEPHY,Left
36802,2-S,672.0319999999999,HEPHY,Left
36802,2-S,665.311,HEPHY,Left
36802,2-S,673.938,HEPHY,Left
36802,2-S,759.485,HEPHY,Left
36802,2-S,675.183,HEPHY,Left
36803,2-S,666.568,HEPHY,Left
36803,2-S,679.0989999999999,HEPHY,Left
36803,2-S,679.0989999999999,HEPHY,Left
36803,2-S,679.0989999999999,HEPHY,Left
36803,2-S,665.825,HEPHY,Left
36803,2-S,665.825,HEPHY,Left
36803,2-S,665.825,HEPHY,Left
36803,2-S,677.416,HEPHY,Left
36803,2-S,677.416,HEPHY,Left
36803,2-S,670.8560000000001,HEPHY,Left
36803,2-S,670.8560000000001,HEPHY,Left
36803,2-S,679.498,HEPHY,Left
36803,2-S,679.498,HEPHY,Left
36803,2-S,679.498,HEPHY,Left
36803,2-S,667.74,HEPHY,Left
36803,2-S,825.426,HEPHY,Left
36803,2-S,825.426,HEPHY,Left
36803,2-S,668.421,HEPHY,Left
36803,2-S,668.421,HEPHY,Left
36803,2-S,677.885,HEPHY,Left
36803,2-S,677.885,HEPHY,Left
36803,2-S,677.885,HEPHY,Left
36803,2-S,665.462,HEPHY,Left
36803,2-S,674.613,HEPHY,Left
36803,2-S,674.613,HEPHY,Left
36803,2-S,665.245,HEPHY,Left
36803,2-S,665.245,HEPHY,Left
36803,2-S,670.5,HEPHY,Left
36803,2-S,670.5,HEPHY,Left
36803,2-S,668.173,HEPHY,Left
36803,2-S,668.173,HEPHY,Left
36803,2-S,672.541,HEPHY,Left
36803,2-S,672.541,HEPHY,Left
37079,2-S,663.09,HEPHY,Left
37079,2-S,670.582,HEPHY,Left
37079,2-S,659.5419999999999,HEPHY,Left
37079,2-S,666.291,HEPHY,Left
37079,2-S,663.125,HEPHY,Left
37079,2-S,665.923,HEPHY,Left
37079,2-S,658.85,HEPHY,Left
37079,2-S,664.788,HEPHY,Left
37079,2-S,660.693,HEPHY,Left
37079,2-S,661.0060000000001,HEPHY,Left
37079,2-S,666.133,HEPHY,Left
37079,2-S,665.4110000000001,HEPHY,Left
37079,2-S,658.709,HEPHY,Left
37079,2-S,661.309,HEPHY,Left
37079,2-S,680.826,HEPHY,Left
37079,2-S,663.039,HEPHY,Left
37081,2-S,670.8939999999999,HEPHY,Left
37081,2-S,682.285,HEPHY,Left
37081,2-S,671.2739999999999,HEPHY,Left
37081,2-S,680.673,HEPHY,Left
37081,2-S,672.971,HEPHY,Left
37081,2-S,680.2660000000001,HEPHY,Left
37081,2-S,668.7239999999999,HEPHY,Left
37081,2-S,680.924,HEPHY,Left
37081,2-S,669.821,HEPHY,Left
37081,2-S,678.081,HEPHY,Left
37081,2-S,667.828,HEPHY,Left
37081,2-S,765.5930000000001,HEPHY,Left
37081,2-S,668.054,HEPHY,Left
37081,2-S,675.153,HEPHY,Left
37081,2-S,666.7439999999999,HEPHY,Left
37081,2-S,768.967,HEPHY,Left
37081,2-S,666.561,HEPHY,Left
37081,2-S,676.1519999999999,HEPHY,Left
37081,2-S,665.466,HEPHY,Left
37081,2-S,681.4019999999999,HEPHY,Left
37087,2-S,672.541,Brown,Right
37087,2-S,663.928,Brown,Right
37087,2-S,677.4910000000001,Brown,Right
37087,2-S,668.42,Brown,Right
37087,2-S,673.548,Brown,Right
37087,2-S,666.635,Brown,Right
37087,2-S,674.3489999999999,Brown,Right
37087,2-S,648.783,Brown,Right
37087,2-S,671.6389999999999,Brown,Right
37087,2-S,663.096,Brown,Right
37087,2-S,669.9780000000001,Brown,Right
37087,2-S,658.347,Brown,Right
37087,2-S,671.556,Brown,Right
37087,2-S,664.7560000000001,Brown,Right
37087,2-S,668.855,Brown,Right
37087,2-S,657.928,Brown,Right
37088,2-S,672.003,Brown,Right
37088,2-S,658.2130000000001,Brown,Right
37088,2-S,671.325,Brown,Right
37088,2-S,656.7389999999999,Brown,Right
37088,2-S,678.498,Brown,Right
37088,2-S,657.539,Brown,Right
37088,2-S,686.9910000000001,Brown,Right
37088,2-S,657.403,Brown,Right
37088,2-S,668.199,Brown,Right
37088,2-S,655.659,Brown,Right
37088,2-S,659.937,Brown,Right
37088,2-S,653.97,Brown,Right
37088,2-S,659.1339999999999,Brown,Right
37088,2-S,656.0160000000001,Brown,Right
37088,2-S,656.575,Brown,Right
37088,2-S,656.575,Brown,Right
37088,2-S,653.543,Brown,Right
37088,2-S,653.543,Brown,Right
37398,PSS,681.182,Brown,Right
37398,PSS,673.696,Brown,Right
37398,PSS,682.84,Brown,Right
37398,PSS,673.7869999999999,Brown,Right
37398,PSS,682.812,Brown,Right
37398,PSS,674.5169999999999,Brown,Right
37398,PSS,681.296,Brown,Right
37398,PSS,674.328,Brown,Right
37398,PSS,680.428,Brown,Right
37398,PSS,673.079,Brown,Right
37398,PSS,683.1289999999999,Brown,Right
37398,PSS,675.573,Brown,Right
37398,PSS,677.1239999999999,Brown,Right
37398,PSS,669.803,Brown,Right
37398,PSS,666.9810000000001,Brown,Right
37398,PSS,663.58,Brown,Right
37399,PSS,667.63,Brown,Right
37399,PSS,662.039,Brown,Right
37399,PSS,666.875,Brown,Right
37399,PSS,661.5360000000001,Brown,Right
37399,PSS,653.465,Brown,Right
37399,PSS,661.79,Brown,Right
37399,PSS,667.091,Brown,Right
37399,PSS,663.39,Brown,Right
37399,PSS,665.3580000000001,Brown,Right
37399,PSS,662.455,Brown,Right
37399,PSS,666.298,Brown,Right
37399,PSS,660.753,Brown,Right
37399,PSS,660.529,Brown,Right
37399,PSS,661.039,Brown,Right
37399,PSS,662.115,Brown,Right
37399,PSS,659.8810000000001,Brown,Right
37400,2-S,664.7819999999999,Demokritos,Left
37400,2-S,664.7819999999999,Demokritos,Left
37400,2-S,664.7819999999999,Demokritos,Left
37400,2-S,664.7819999999999,Demokritos,Left
37400,2-S,675.4960000000001,Demokritos,Left
37400,2-S,675.4960000000001,Demokritos,Left
37400,2-S,675.4960000000001,Demokritos,Left
37400,2-S,675.4960000000001,Demokritos,Left
37400,2-S,664.932,Demokritos,Left
37400,2-S,664.932,Demokritos,Left
37400,2-S,664.932,Demokritos,Left
37400,2-S,664.932,Demokritos,Left
37400,2-S,664.932,Demokritos,Left
37400,2-S,673.78,Demokritos,Left
37400,2-S,673.78,Demokritos,Left
37400,2-S,673.78,Demokritos,Left
37400,2-S,673.78,Demokritos,Left
37400,2-S,664.9639999999999,Demokritos,Left
37400,2-S,664.9639999999999,Demokritos,Left
37400,2-S,664.9639999999999,Demokritos,Left
37400,2-S,664.9639999999999,Demokritos,Left
37400,2-S,678.445,Demokritos,Left
37400,2-S,678.445,Demokritos,Left
37400,2-S,678.445,Demokritos,Left
37400,2-S,678.445,Demokritos,Left
37400,2-S,662.451,Demokritos,Left
37400,2-S,662.451,Demokritos,Left
37400,2-S,662.451,Demokritos,Left
37400,2-S,662.451,Demokritos,Left
37400,2-S,674.204,Demokritos,Left
37400,2-S,674.204,Demokritos,Left
37400,2-S,674.204,Demokritos,Left
37400,2-S,674.204,Demokritos,Left
37400,2-S,665.488,Demokritos,Left
37400,2-S,665.488,Demokritos,Left
37400,2-S,665.488,Demokritos,Left
37400,2-S,669.8,Demokritos,Left
37400,2-S,669.8,Demokritos,Left
37400,2-S,669.8,Demokritos,Left
37400,2-S,659.5039999999999,Demokritos,Left
37400,2-S,659.5039999999999,Demokritos,Left
37400,2-S,659.5039999999999,Demokritos,Left
37400,2-S,666.967,Demokritos,Left
37400,2-S,666.967,Demokritos,Left
37400,2-S,666.967,Demokritos,Left
37400,2-S,658.8789999999999,Demokritos,Left
37400,2-S,658.8789999999999,Demokritos,Left
37400,2-S,658.8789999999999,Demokritos,Left
37400,2-S,665.447,Demokritos,Left
37400,2-S,665.447,Demokritos,Left
37400,2-S,665.447,Demokritos,Left
37401,2-S,656.826,Demokritos,Left
37401,2-S,666.725,Demokritos,Left
37401,2-S,657.9960000000001,Demokritos,Left
37401,2-S,665.5369999999999,Demokritos,Left
37401,2-S,663.6569999999999,Demokritos,Left
37401,2-S,666.497,Demokritos,Left
37401,2-S,649.714,Demokritos,Left
37401,2-S,663.175,Demokritos,Left
37401,2-S,656.972,Demokritos,Left
37401,2-S,663.488,Demokritos,Left
37401,2-S,652.37,Demokritos,Left
37401,2-S,658.815,Demokritos,Left
37401,2-S,651.776,Demokritos,Left
37401,2-S,657.4730000000001,Demokritos,Left
37404,2-S,673.47,HEPHY,Left
37404,2-S,684.74,HEPHY,Left
37404,2-S,675.438,HEPHY,Left
37404,2-S,682.066,HEPHY,Left
37404,2-S,678.523,HEPHY,Left
37404,2-S,682.94,HEPHY,Left
37404,2-S,674.1410000000001,HEPHY,Left
37404,2-S,683.4760000000001,HEPHY,Left
37404,2-S,672.914,HEPHY,Left
37404,2-S,686.061,HEPHY,Left
37404,2-S,675.451,HEPHY,Left
37404,2-S,678.23,HEPHY,Left
37404,2-S,672.9110000000001,HEPHY,Left
37404,2-S,678.051,HEPHY,Left
37404,2-S,669.665,HEPHY,Left
37404,2-S,679.1039999999999,HEPHY,Left
37404,2-S,673.252,HEPHY,Left
37404,2-S,676.336,HEPHY,Left
37404,2-S,670.051,HEPHY,Left
37404,2-S,675.0889999999999,HEPHY,Left
37405,2-S,668.752,HEPHY,Left
37405,2-S,681.2260000000001,HEPHY,Left
37405,2-S,674.79,HEPHY,Left
37405,2-S,681.574,HEPHY,Left
37405,2-S,674.1010000000001,HEPHY,Left
37405,2-S,683.324,HEPHY,Left
37405,2-S,670.31,HEPHY,Left
37405,2-S,681.2919999999999,HEPHY,Left
37405,2-S,673.1610000000001,HEPHY,Left
37405,2-S,682.933,HEPHY,Left
37405,2-S,666.931,HEPHY,Left
37405,2-S,676.8839999999999,HEPHY,Left
37405,2-S,671.435,HEPHY,Left
37405,2-S,677.868,HEPHY,Left
37405,2-S,668.8530000000001,HEPHY,Left
37405,2-S,680.188,HEPHY,Left
37405,2-S,669.502,HEPHY,Left
37405,2-S,671.32,HEPHY,Left
37405,2-S,668.069,HEPHY,Left
37405,2-S,672.915,HEPHY,Left
37405,2-S,668.448,HEPHY,Left
37405,2-S,673.872,HEPHY,Left
37406,2-S,670.7660000000001,Brown,Right
37406,2-S,662.4639999999999,Brown,Right
37406,2-S,671.4630000000001,Brown,Right
37406,2-S,664.2489999999999,Brown,Right
37406,2-S,671.8939999999999,Brown,Right
37406,2-S,664.802,Brown,Right
37406,2-S,668.936,Brown,Right
37406,2-S,664.0060000000001,Brown,Right
37406,2-S,790.538,Brown,Right
37406,2-S,660.263,Brown,Right
37406,2-S,666.48,Brown,Right
37406,2-S,657.9860000000001,Brown,Right
37406,2-S,666.1039999999999,Brown,Right
37406,2-S,656.58,Brown,Right
37406,2-S,664.3330000000001,Brown,Right
37406,2-S,659.447,Brown,Right
37407,2-S,675.732,Brown,Right
37407,2-S,665.7230000000001,Brown,Right
37407,2-S,678.201,Brown,Right
37407,2-S,668.425,Brown,Right
37407,2-S,677.209,Brown,Right
37407,2-S,667.937,Brown,Right
37407,2-S,676.457,Brown,Right
37407,2-S,668.183,Brown,Right
37407,2-S,672.8910000000001,Brown,Right
37407,2-S,666.6110000000001,Brown,Right
37407,2-S,672.809,Brown,Right
37407,2-S,664.7239999999999,Brown,Right
37407,2-S,670.664,Brown,Right
37407,2-S,664.6260000000001,Brown,Right
37407,2-S,668.081,Brown,Right
37407,2-S,668.9889999999999,Brown,Right
37408,2-S,657.55,Demokritos,Left
37408,2-S,670.967,Demokritos,Left
37408,2-S,665.9639999999999,Demokritos,Left
37408,2-S,664.863,Demokritos,Left
37408,2-S,654.899,Demokritos,Left
37408,2-S,665.4989999999999,Demokritos,Left
37408,2-S,654.268,Demokritos,Left
37408,2-S,663.447,Demokritos,Left
37408,2-S,655.7,Demokritos,Left
37408,2-S,661.7510000000001,Demokritos,Left
37408,2-S,653.5459999999999,Demokritos,Left
37408,2-S,660.321,Demokritos,Left
37408,2-S,652.321,Demokritos,Left
37408,2-S,656.7360000000001,Demokritos,Left
37895,PSS,692.877,Brown,Right
37895,PSS,683.4019999999999,Brown,Right
37895,PSS,699.227,Brown,Right
37895,PSS,686.9639999999999,Brown,Right
37895,PSS,709.431,Brown,Right
37895,PSS,683.7919999999999,Brown,Right
37895,PSS,696.832,Brown,Right
37895,PSS,684.765,Brown,Right
37895,PSS,691.1339999999999,Brown,Right
37895,PSS,680.997,Brown,Right
37895,PSS,686.799,Brown,Right
37895,PSS,682.2610000000001,Brown,Right
37895,PSS,682.898,Brown,Right
37895,PSS,680.7769999999999,Brown,Right
37895,PSS,684.535,Brown,Right
37895,PSS,679.288,Brown,Right
37896,PSS,673.5989999999999,Brown,Right
37896,PSS,664.074,Brown,Right
37896,PSS,671.3960000000001,Brown,Right
37896,PSS,662.951,Brown,Right
37896,PSS,669.638,Brown,Right
37896,PSS,666.178,Brown,Right
37896,PSS,669.929,Brown,Right
37896,PSS,662.682,Brown,Right
37896,PSS,669.138,Brown,Right
37896,PSS,662.57,Brown,Right
37896,PSS,672.115,Brown,Right
37896,PSS,663.8389999999999,Brown,Right
37896,PSS,663.3789999999999,Brown,Right
37896,PSS,663.028,Brown,Right
37896,PSS,663.074,Brown,Right
37896,PSS,660.685,Brown,Right
37897,2-S,657.044,Demokritos,Left
37897,2-S,671.034,Demokritos,Left
37897,2-S,661.934,Demokritos,Left
37897,2-S,669.581,Demokritos,Left
37897,2-S,659.289,Demokritos,Left
37897,2-S,672.4839999999999,Demokritos,Left
37897,2-S,664.9939999999999,Demokritos,Left
37897,2-S,670.753,Demokritos,Left
37897,2-S,654.8430000000001,Demokritos,Left
37897,2-S,671.581,Demokritos,Left
37897,2-S,655.813,Demokritos,Left
37897,2-S,664.0939999999999,Demokritos,Left
37897,2-S,655.9639999999999,Demokritos,Left
37897,2-S,661.196,Demokritos,Left
37898,2-S,675.436,HEPHY,Left
37898,2-S,687.635,HEPHY,Left
37898,2-S,672.0060000000001,HEPHY,Left
37898,2-S,694.155,HEPHY,Left
37898,2-S,670.717,HEPHY,Left
37898,2-S,692.659,HEPHY,Left
37898,2-S,671.835,HEPHY,Left
37898,2-S,677.806,HEPHY,Left
37898,2-S,670.3589999999999,HEPHY,Left
37898,2-S,678.04,HEPHY,Left
37898,2-S,671.512,HEPHY,Left
37898,2-S,677.6669999999999,HEPHY,Left
37898,2-S,670.784,HEPHY,Left
37898,2-S,676.595,HEPHY,Left
37898,2-S,669.79,HEPHY,Left
37898,2-S,676.4680000000001,HEPHY,Left
37898,2-S,678.328,HEPHY,Left
37898,2-S,677.591,HEPHY,Left
37899,2-S,681.591,HEPHY,Left
37899,2-S,687.5310000000001,HEPHY,Left
37899,2-S,679.337,HEPHY,Left
37899,2-S,685.627,HEPHY,Left
37899,2-S,668.7,HEPHY,Left
37899,2-S,680.346,HEPHY,Left
37899,2-S,666.079,HEPHY,Left
37899,2-S,679.0360000000001,HEPHY,Left
37899,2-S,666.748,HEPHY,Left
37899,2-S,678.367,HEPHY,Left
37899,2-S,664.596,HEPHY,Left
37899,2-S,682.887,HEPHY,Left
37899,2-S,665.201,HEPHY,Left
37899,2-S,681.6239999999999,HEPHY,Left
37899,2-S,668.928,HEPHY,Left
37899,2-S,675.693,HEPHY,Left
37903,2-S,687.44,Brown,Right
37903,2-S,679.9810000000001,Brown,Right
37903,2-S,686.663,Brown,Right
37903,2-S,683.398,Brown,Right
37903,2-S,689.525,Brown,Right
37903,2-S,679.398,Brown,Right
37903,2-S,688.797,Brown,Right
37903,2-S,680.273,Brown,Right
37903,2-S,685.43,Brown,Right
37903,2-S,677.791,Brown,Right
37903,2-S,684.5169999999999,Brown,Right
37903,2-S,679.4010000000001,Brown,Right
37903,2-S,682.664,Brown,Right
37903,2-S,676.56,Brown,Right
37903,2-S,678.6339999999999,Brown,Right
37903,2-S,674.1139999999999,Brown,Right
37904,2-S,669.655,Demokritos,Left
37904,2-S,669.655,Demokritos,Left
37904,2-S,679.203,Demokritos,Left
37904,2-S,679.203,Demokritos,Left
37904,2-S,669.602,Demokritos,Left
37904,2-S,669.602,Demokritos,Left
37904,2-S,676.8480000000001,Demokritos,Left
37904,2-S,676.8480000000001,Demokritos,Left
37904,2-S,668.957,Demokritos,Left
37904,2-S,668.957,Demokritos,Left
37904,2-S,678.245,Demokritos,Left
37904,2-S,678.245,Demokritos,Left
37904,2-S,666.65,Demokritos,Left
37904,2-S,666.65,Demokritos,Left
37904,2-S,675.298,Demokritos,Left
37904,2-S,675.298,Demokritos,Left
37904,2-S,664.617,Demokritos,Left
37904,2-S,664.617,Demokritos,Left
37904,2-S,676.462,Demokritos,Left
37904,2-S,676.462,Demokritos,Left
37904,2-S,669.528,Demokritos,Left
37904,2-S,670.301,Demokritos,Left
37904,2-S,670.301,Demokritos,Left
37904,2-S,669.528,Demokritos,Left
37904,2-S,663.993,Demokritos,Left
37904,2-S,663.993,Demokritos,Left
37904,2-S,669.398,Demokritos,Left
37904,2-S,669.398,Demokritos,Left
37905,2-S,674.791,Demokritos,Left
37905,2-S,674.791,Demokritos,Left
37905,2-S,688.327,Demokritos,Left
37905,2-S,688.327,Demokritos,Left
37905,2-S,676.215,Demokritos,Left
37905,2-S,676.215,Demokritos,Left
37905,2-S,686.184,Demokritos,Left
37905,2-S,686.184,Demokritos,Left
37905,2-S,675.627,Demokritos,Left
37905,2-S,675.627,Demokritos,Left
37905,2-S,688.227,Demokritos,Left
37905,2-S,688.227,Demokritos,Left
37905,2-S,675.7260000000001,Demokritos,Left
37905,2-S,675.7260000000001,Demokritos,Left
37905,2-S,690.051,Demokritos,Left
37905,2-S,690.051,Demokritos,Left
37905,2-S,673.78,Demokritos,Left
37905,2-S,673.78,Demokritos,Left
37905,2-S,682.762,Demokritos,Left
37905,2-S,682.762,Demokritos,Left
37905,2-S,671.185,Demokritos,Left
37905,2-S,671.185,Demokritos,Left
37905,2-S,679.039,Demokritos,Left
37905,2-S,679.039,Demokritos,Left
37905,2-S,671.96,Demokritos,Left
37905,2-S,671.96,Demokritos,Left
37905,2-S,675.4760000000001,Demokritos,Left
37905,2-S,675.4760000000001,Demokritos,Left
37906,2-S,679.7689999999999,HEPHY,Right
37906,2-S,669.0830000000001,HEPHY,Right
37906,2-S,816.0419999999999,HEPHY,Left
37906,2-S,673.84,HEPHY,Left
37906,2-S,670.393,HEPHY,Left
37906,2-S,679.921,HEPHY,Left
37906,2-S,669.67,HEPHY,Right
37906,2-S,683.455,HEPHY,Right
37906,2-S,682.137,HEPHY,Left
37906,2-S,675.778,HEPHY,Left
37906,2-S,665.585,HEPHY,Left
37906,2-S,676.329,HEPHY,Left
37906,2-S,668.975,HEPHY,Left
37906,2-S,678.997,HEPHY,Left
37906,2-S,665.982,HEPHY,Left
37906,2-S,671.9110000000001,HEPHY,Left
37906,2-S,667.314,HEPHY,Left
37906,2-S,671.1089999999999,HEPHY,Left
37906,2-S,667.97,HEPHY,Left
37906,2-S,672.987,HEPHY,Left
37907,2-S,671.242,HEPHY,Left
37907,2-S,678.17,HEPHY,Left
37907,2-S,667.471,HEPHY,Left
37907,2-S,679.4639999999999,HEPHY,Left
37907,2-S,665.653,HEPHY,Left
37907,2-S,676.788,HEPHY,Left
37907,2-S,665.913,HEPHY,Left
37907,2-S,672.436,HEPHY,Left
37907,2-S,667.0260000000001,HEPHY,Left
37907,2-S,672.8810000000001,HEPHY,Left
37907,2-S,761.962,HEPHY,Left
37907,2-S,663.966,HEPHY,Left
37907,2-S,669.558,HEPHY,Left
37907,2-S,667.758,HEPHY,Left
38196,2-S,653.492,Demokritos,Left
38196,2-S,664.3710000000001,Demokritos,Left
38196,2-S,656.363,Demokritos,Left
38196,2-S,666.757,Demokritos,Left
38196,2-S,658.413,Demokritos,Left
38196,2-S,666.591,Demokritos,Left
38196,2-S,655.8969999999999,Demokritos,Left
38196,2-S,664.563,Demokritos,Left
38196,2-S,657.418,Demokritos,Left
38196,2-S,666.508,Demokritos,Left
38196,2-S,663.055,Demokritos,Left
38196,2-S,665.697,Demokritos,Left
38196,2-S,660.677,Demokritos,Left
38196,2-S,664.596,Demokritos,Left
38197,2-S,662.2560000000001,HEPHY,Left
38197,2-S,677.1560000000001,HEPHY,Left
38197,2-S,665.722,HEPHY,Left
38197,2-S,678.4839999999999,HEPHY,Left
38197,2-S,667.442,HEPHY,Left
38197,2-S,677.773,HEPHY,Left
38197,2-S,670.0319999999999,HEPHY,Left
38197,2-S,681.2280000000001,HEPHY,Left
38197,2-S,665.0210000000001,HEPHY,Left
38197,2-S,679.283,HEPHY,Left
38197,2-S,662.09,HEPHY,Left
38197,2-S,680.742,HEPHY,Left
38197,2-S,673.082,HEPHY,Left
38197,2-S,699.415,HEPHY,Left
38197,2-S,661.029,HEPHY,Left
38197,2-S,666.943,HEPHY,Left
38199,2-S,649.251,Demokritos,Left
38199,2-S,656.3480000000001,Demokritos,Left
38199,2-S,650.308,Demokritos,Left
38199,2-S,654.952,Demokritos,Left
38199,2-S,647.68,Demokritos,Left
38199,2-S,649.738,Demokritos,Left
38199,2-S,650.987,Demokritos,Left
38199,2-S,651.347,Demokritos,Left
38199,2-S,643.727,Demokritos,Left
38199,2-S,646.6990000000001,Demokritos,Left
38199,2-S,645.982,Demokritos,Left
38199,2-S,648.929,Demokritos,Left
38199,2-S,650.428,Demokritos,Left
38199,2-S,652.898,Demokritos,Left
38200,2-S,665.558,HEPHY,Left
38200,2-S,674.585,HEPHY,Left
38200,2-S,665.2769999999999,HEPHY,Left
38200,2-S,677.03,HEPHY,Left
38200,2-S,665.432,HEPHY,Left
38200,2-S,674.8989999999999,HEPHY,Left
38200,2-S,662.123,HEPHY,Left
38200,2-S,674.222,HEPHY,Left
38200,2-S,668.49,HEPHY,Left
38200,2-S,674.1160000000001,HEPHY,Left
38200,2-S,664.7719999999999,HEPHY,Left
38200,2-S,669.57,HEPHY,Left
38200,2-S,664.155,HEPHY,Left
38200,2-S,668.737,HEPHY,Left
38200,2-S,661.538,HEPHY,Left
38200,2-S,676.689,HEPHY,Left
38202,2-S,660.373,Brown,Right
38202,2-S,660.373,Brown,Right
38202,2-S,651.87,Brown,Right
38202,2-S,661.403,Brown,Right
38202,2-S,652.472,Brown,Right
38202,2-S,662.716,Brown,Right
38202,2-S,651.183,Brown,Right
38202,2-S,662.807,Brown,Right
38202,2-S,650.881,Brown,Right
38202,2-S,655.275,Brown,Right
38202,2-S,649.482,Brown,Right
38202,2-S,698.985,Brown,Right
38202,2-S,651.609,Brown,Right
38202,2-S,651.891,Brown,Right
38202,2-S,646.502,Brown,Right
38202,2-S,651.51,Brown,Right
38202,2-S,646.762,Brown,Right
38212,PSS,666.916,Brown,Right
38212,PSS,659.168,Brown,Right
38212,PSS,668.9839999999999,Brown,Right
38212,PSS,658.2239999999999,Brown,Right
38212,PSS,672.28,Brown,Right
38212,PSS,660.0930000000001,Brown,Right
38212,PSS,670.073,Brown,Right
38212,PSS,661.064,Brown,Right
38212,PSS,667.336,Brown,Right
38212,PSS,656.069,Brown,Right
38212,PSS,665.462,Brown,Right
38212,PSS,654.7959999999999,Brown,Right
38212,PSS,664.546,Brown,Right
38212,PSS,656.2810000000001,Brown,Right
38212,PSS,661.7080000000001,Brown,Right
38212,PSS,653.934,Brown,Right
38691,2-S,651.9780000000001,HEPHY,Left
38691,2-S,655.111,HEPHY,Left
38691,2-S,649.663,HEPHY,Left
38691,2-S,653.835,HEPHY,Left
38691,2-S,648.972,HEPHY,Left
38691,2-S,656.558,HEPHY,Left
38691,2-S,647.826,HEPHY,Left
38691,2-S,655.184,HEPHY,Left
38691,2-S,644.568,HEPHY,Left
38691,2-S,648.106,HEPHY,Left
38691,2-S,645.391,HEPHY,Left
38691,2-S,649.231,HEPHY,Left
38691,2-S,648.3290000000001,HEPHY,Left
38691,2-S,648.758,HEPHY,Left
38691,2-S,646.07,HEPHY,Left
38691,2-S,649.227,HEPHY,Left
38693,2-S,672.4839999999999,Brown,Right
38693,2-S,662.55,Brown,Right
38693,2-S,674.57,Brown,Right
38693,2-S,662.921,Brown,Right
38693,2-S,678.67,Brown,Right
38693,2-S,663.684,Brown,Right
38693,2-S,680.444,Brown,Right
38693,2-S,664.615,Brown,Right
38693,2-S,670.812,Brown,Right
38693,2-S,660.794,Brown,Right
38693,2-S,669.7,Brown,Right
38693,2-S,658.796,Brown,Right
38693,2-S,666.798,Brown,Right
38693,2-S,658.305,Brown,Right
38693,2-S,662.625,Brown,Right
38693,2-S,659.637,Brown,Right
38694,2-S,665.688,Brown,Right
38694,2-S,656.8480000000001,Brown,Right
38694,2-S,661.4169999999999,Brown,Right
38694,2-S,660.194,Brown,Right
38694,2-S,661.7610000000001,Brown,Right
38694,2-S,657.551,Brown,Right
38694,2-S,660.076,Brown,Right
38694,2-S,657.63,Brown,Right
38694,2-S,658.696,Brown,Right
38694,2-S,653.344,Brown,Right
38694,2-S,660.0039999999999,Brown,Right
38694,2-S,652.352,Brown,Right
38694,2-S,659.916,Brown,Right
38694,2-S,651.951,Brown,Right
38694,2-S,661.38,Brown,Right
38694,2-S,651.477,Brown,Right
38695,2-S,667.4060000000001,Brown,Right
38695,2-S,659.3839999999999,Brown,Right
38695,2-S,672.289,Brown,Right
38695,2-S,660.7260000000001,Brown,Right
38695,2-S,670.5189999999999,Brown,Right
38695,2-S,663.0189999999999,Brown,Right
38695,2-S,730.762,Brown,Right
38695,2-S,662.2389999999999,Brown,Right
38695,2-S,663.304,Brown,Right
38695,2-S,661.658,Brown,Right
38695,2-S,663.328,Brown,Right
38695,2-S,661.523,Brown,Right
38695,2-S,665.6139999999999,Brown,Right
38695,2-S,658.078,Brown,Right
38695,2-S,663.192,Brown,Right
38695,2-S,659.414,Brown,Right
38696,2-S,665.456,Brown,Right
38696,2-S,656.52,Brown,Right
38696,2-S,663.456,Brown,Right
38696,2-S,655.557,Brown,Right
38696,2-S,664.046,Brown,Right
38696,2-S,656.061,Brown,Right
38696,2-S,660.855,Brown,Right
38696,2-S,656.077,Brown,Right
38696,2-S,661.076,Brown,Right
38696,2-S,655.831,Brown,Right
38696,2-S,697.127,Brown,Right
38696,2-S,657.8839999999999,Brown,Right
38696,2-S,658.372,Brown,Right
38696,2-S,654.224,Brown,Right
38696,2-S,660.508,Brown,Right
38696,2-S,655.6060000000001,Brown,Right
38696,2-S,657.9889999999999,Brown,Right
38696,2-S,652.409,Brown,Right
38696,2-S,656.164,Brown,Right
38696,2-S,720.8580000000001,Brown,Right
38712,PSS,673.044,HEPHY,Left
38712,PSS,686.6010000000001,HEPHY,Left
38712,PSS,674.65,HEPHY,Left
38712,PSS,679.2280000000001,HEPHY,Left
38712,PSS,671.8380000000001,HEPHY,Left
38712,PSS,683.0039999999999,HEPHY,Left
38712,PSS,669.143,HEPHY,Left
38712,PSS,681.563,HEPHY,Left
38712,PSS,671.942,HEPHY,Left
38712,PSS,672.683,HEPHY,Left
38712,PSS,671.191,HEPHY,Left
38712,PSS,675.789,HEPHY,Left
38712,PSS,668.429,HEPHY,Left
38712,PSS,673.689,HEPHY,Left
38712,PSS,669.89,HEPHY,Left
38712,PSS,675.159,HEPHY,Left
38712,PSS,669.2360000000001,HEPHY,Left
38712,PSS,675.125,HEPHY,Left
38713,2-S,669.325,Brown,Right
38713,2-S,663.168,Brown,Right
38713,2-S,668.454,Brown,Right
38713,2-S,665.056,Brown,Right
38713,2-S,671.385,Brown,Right
38713,2-S,662.4010000000001,Brown,Right
38713,2-S,672.783,Brown,Right
38713,2-S,660.5,Brown,Right
38713,2-S,669.068,Brown,Right
38713,2-S,664.362,Brown,Right
38713,2-S,663.9730000000001,Brown,Right
38713,2-S,662.821,Brown,Right
38713,2-S,666.8960000000001,Brown,Right
38713,2-S,661.5889999999999,Brown,Right
38713,2-S,664.227,Brown,Right
38713,2-S,661.043,Brown,Right
38714,2-S,650.547,Demokritos,Left
38714,2-S,658.472,Demokritos,Left
38714,2-S,650.886,Demokritos,Left
38714,2-S,658.5880000000001,Demokritos,Left
38714,2-S,652.773,Demokritos,Left
38714,2-S,657.462,Demokritos,Left
38714,2-S,649.304,Demokritos,Left
38714,2-S,655.711,Demokritos,Left
38714,2-S,648.1080000000001,Demokritos,Left
38714,2-S,651.9730000000001,Demokritos,Left
38714,2-S,644.678,Demokritos,Left
38714,2-S,649.172,Demokritos,Left
38714,2-S,644.988,Demokritos,Left
38714,2-S,654.148,Demokritos,Left
38715,2-S,653.0419999999999,Demokritos,Left
38715,2-S,655.2909999999999,Demokritos,Left
38715,2-S,652.308,Demokritos,Left
38715,2-S,655.185,Demokritos,Left
38715,2-S,650.2040000000001,Demokritos,Left
38715,2-S,657.935,Demokritos,Left
38715,2-S,649.256,Demokritos,Left
38715,2-S,660.579,Demokritos,Left
38715,2-S,647.207,Demokritos,Left
38715,2-S,654.0980000000001,Demokritos,Left
38715,2-S,646.055,Demokritos,Left
38715,2-S,650.768,Demokritos,Left
38715,2-S,646.5369999999999,Demokritos,Left
38715,2-S,652.243,Demokritos,Left
38868,2-S,661.2280000000001,HEPHY,Left
38868,2-S,681.45,HEPHY,Left
38868,2-S,666.493,HEPHY,Left
38868,2-S,679.7869999999999,HEPHY,Left
38868,2-S,673.324,HEPHY,Left
38868,2-S,680.2639999999999,HEPHY,Left
38868,2-S,664.375,HEPHY,Left
38868,2-S,678.837,HEPHY,Left
38868,2-S,667.5260000000001,HEPHY,Left
38868,2-S,674.3510000000001,HEPHY,Left
38868,2-S,666.1360000000001,HEPHY,Left
38868,2-S,669.809,HEPHY,Left
38868,2-S,663.704,HEPHY,Left
38868,2-S,671.209,HEPHY,Left
38868,2-S,665.564,HEPHY,Left
38868,2-S,674.937,HEPHY,Left
38869,2-S,649.768,Demokritos,Left
38869,2-S,656.322,Demokritos,Left
38869,2-S,655.5210000000001,Demokritos,Left
38869,2-S,645.938,Demokritos,Left
38869,2-S,646.979,Demokritos,Left
38869,2-S,654.592,Demokritos,Left
38869,2-S,644.987,Demokritos,Left
38869,2-S,654.981,Demokritos,Left
38869,2-S,644.856,Demokritos,Left
38869,2-S,650.335,Demokritos,Left
38869,2-S,644.695,Demokritos,Left
38869,2-S,650.617,Demokritos,Left
38869,2-S,643.7180000000001,Demokritos,Left
38869,2-S,648.275,Demokritos,Left
38870,2-S,686.538,Demokritos,Left
38870,2-S,698.045,Demokritos,Left
38870,2-S,690.64,Demokritos,Left
38870,2-S,693.9780000000001,Demokritos,Left
38870,2-S,683.705,Demokritos,Left
38870,2-S,697.706,Demokritos,Left
38870,2-S,677.73,Demokritos,Left
38870,2-S,694.05,Demokritos,Left
38870,2-S,681.372,Demokritos,Left
38870,2-S,690.209,Demokritos,Left
38870,2-S,680.005,Demokritos,Left
38870,2-S,690.8589999999999,Demokritos,Left
38870,2-S,681.313,Demokritos,Left
38870,2-S,690.312,Demokritos,Left
38871,2-S,692.883,HEPHY,Left
38871,2-S,703.029,HEPHY,Left
38871,2-S,691.1039999999999,HEPHY,Left
38871,2-S,702.7130000000001,HEPHY,Left
38871,2-S,691.725,HEPHY,Left
38871,2-S,699.6560000000001,HEPHY,Left
38871,2-S,690.955,HEPHY,Left
38871,2-S,693.265,HEPHY,Left
38871,2-S,688.5310000000001,HEPHY,Left
38871,2-S,694.705,HEPHY,Left
38871,2-S,686.72,HEPHY,Left
38871,2-S,694.687,HEPHY,Left
38871,2-S,686.9060000000001,HEPHY,Left
38871,2-S,695.7260000000001,HEPHY,Left
38871,2-S,688.3789999999999,HEPHY,Left
38871,2-S,695.278,HEPHY,Left
38872,2-S,672.795,Demokritos,Left
38872,2-S,682.329,Demokritos,Left
38872,2-S,676.66,Demokritos,Left
38872,2-S,687.6460000000001,Demokritos,Left
38873,2-S,690.288,Brown,Right
38873,2-S,681.1060000000001,Brown,Right
38873,2-S,689.824,Brown,Right
38873,2-S,679.905,Brown,Right
38873,2-S,686.558,Brown,Right
38873,2-S,676.939,Brown,Right
38873,2-S,686.553,Brown,Right
38873,2-S,676.4169999999999,Brown,Right
38873,2-S,685.69,Brown,Right
38873,2-S,677.475,Brown,Right
38874,2-S,693.74,Brown,Right
38874,2-S,686.4169999999999,Brown,Right
38874,2-S,690.717,Brown,Right
38874,2-S,684.908,Brown,Right
38874,2-S,688.345,Brown,Right
38874,2-S,680.2719999999999,Brown,Right
38874,2-S,687.65,Brown,Right
38874,2-S,677.627,Brown,Right
38874,2-S,686.6560000000001,Brown,Right
38874,2-S,678.125,Brown,Right
38874,2-S,687.5089999999999,Brown,Right
38874,2-S,679.9119999999999,Brown,Right
38875,2-S,684.6569999999999,Brown,Right
38875,2-S,677.737,Brown,Right
38875,2-S,682.435,Brown,Right
38875,2-S,677.573,Brown,Right
38875,2-S,681.795,Brown,Right
38875,2-S,673.913,Brown,Right
38875,2-S,678.791,Brown,Right
38875,2-S,674.83,Brown,Right
38875,2-S,678.801,Brown,Right
38875,2-S,675.355,Brown,Right
38876,2-S,682.0010000000001,Demokritos,Left
38876,2-S,698.587,Demokritos,Left
38876,2-S,682.1569999999999,Demokritos,Left
38876,2-S,690.5889999999999,Demokritos,Left
38876,2-S,680.602,Demokritos,Left
38876,2-S,689.4739999999999,Demokritos,Left
38876,2-S,680.0419999999999,Demokritos,Left
38876,2-S,687.518,Demokritos,Left
38878,2-S,695.55,HEPHY,Left
38878,2-S,710.055,HEPHY,Left
38878,2-S,701.288,HEPHY,Left
38878,2-S,721.7810000000001,HEPHY,Left
38878,2-S,701.937,HEPHY,Left
38878,2-S,801.7389999999999,HEPHY,Left
38878,2-S,699.942,HEPHY,Left
38878,2-S,712.742,HEPHY,Left
38878,2-S,701.679,HEPHY,Left
38878,2-S,709.293,HEPHY,Left
38878,2-S,696.3380000000001,HEPHY,Left
38878,2-S,704.9639999999999,HEPHY,Left
38878,2-S,700.1569999999999,HEPHY,Left
38878,2-S,706.112,HEPHY,Left
38878,2-S,699.8689999999999,HEPHY,Left
38878,2-S,705.944,HEPHY,Left
38879,2-S,698.025,HEPHY,Left
38879,2-S,705.7230000000001,HEPHY,Left
38879,2-S,697.127,HEPHY,Left
38879,2-S,703.56,HEPHY,Left
38879,2-S,693.127,HEPHY,Left
38879,2-S,704.525,HEPHY,Left
38879,2-S,692.997,HEPHY,Left
38879,2-S,701.237,HEPHY,Left
38879,2-S,695.0930000000001,HEPHY,Left
38879,2-S,696.025,HEPHY,Left
38879,2-S,693.566,HEPHY,Left
38879,2-S,696.673,HEPHY,Left
38879,2-S,693.8860000000001,HEPHY,Left
38879,2-S,698.2710000000001,HEPHY,Left
38879,2-S,692.668,HEPHY,Left
38879,2-S,699.447,HEPHY,Left
38880,2-S,697.633,HEPHY,Left
38880,2-S,707.404,HEPHY,Left
38880,2-S,697.43,HEPHY,Left
38880,2-S,706.217,HEPHY,Left
38880,2-S,696.363,HEPHY,Left
38880,2-S,703.434,HEPHY,Left
38881,2-S,674.444,Demokritos,Left
38881,2-S,676.835,Demokritos,Left
38882,2-S,698.372,Demokritos,Left
38882,2-S,709.581,Demokritos,Left
38882,2-S,703.555,Demokritos,Left
38882,2-S,713.6039999999999,Demokritos,Left
38882,2-S,700.082,Demokritos,Left
38882,2-S,711.9010000000001,Demokritos,Left
38882,2-S,702.675,Demokritos,Left
38882,2-S,708.2330000000001,Demokritos,Left
38882,2-S,705.1189999999999,Demokritos,Left
38882,2-S,708.942,Demokritos,Left
38882,2-S,699.6060000000001,Demokritos,Left
38882,2-S,707.0,Demokritos,Left
38882,2-S,702.2,Demokritos,Left
38882,2-S,704.548,Demokritos,Left
38883,2-S,686.6560000000001,Demokritos,Left
38883,2-S,697.671,Demokritos,Left
38883,2-S,688.814,Demokritos,Left
38883,2-S,698.923,Demokritos,Left
38883,2-S,687.0110000000001,Demokritos,Left
38883,2-S,695.488,Demokritos,Left
38883,2-S,685.9169999999999,Demokritos,Left
38883,2-S,696.3489999999999,Demokritos,Left
38883,2-S,684.548,Demokritos,Left
38883,2-S,693.882,Demokritos,Left
38883,2-S,683.745,Demokritos,Left
38883,2-S,684.794,Demokritos,Left
38883,2-S,681.545,Demokritos,Left
38883,2-S,689.433,Demokritos,Left
38884,2-S,678.38,Demokritos,Left
38884,2-S,688.325,Demokritos,Left
38884,2-S,682.092,Demokritos,Left
38884,2-S,689.538,Demokritos,Left
38884,2-S,687.765,Demokritos,Left
38884,2-S,689.4739999999999,Demokritos,Left
38884,2-S,678.325,Demokritos,Left
38884,2-S,691.948,Demokritos,Left
38884,2-S,674.6039999999999,Demokritos,Left
38884,2-S,682.914,Demokritos,Left
38884,2-S,674.3760000000001,Demokritos,Left
38884,2-S,693.127,Demokritos,Left
38884,2-S,671.25,Demokritos,Left
38884,2-S,678.0210000000001,Demokritos,Left
38885,2-S,688.194,HEPHY,Left
38885,2-S,688.194,HEPHY,Left
38885,2-S,697.679,HEPHY,Left
38885,2-S,697.679,HEPHY,Left
38885,2-S,688.1210000000001,HEPHY,Left
38885,2-S,688.1210000000001,HEPHY,Left
38885,2-S,696.4010000000001,HEPHY,Left
38885,2-S,696.4010000000001,HEPHY,Left
38885,2-S,690.7339999999999,HEPHY,Left
38885,2-S,690.7339999999999,HEPHY,Left
38885,2-S,701.982,HEPHY,Left
38885,2-S,701.982,HEPHY,Left
38885,2-S,686.051,HEPHY,Left
38885,2-S,686.051,HEPHY,Left
38885,2-S,694.439,HEPHY,Left
38885,2-S,694.439,HEPHY,Left
38885,2-S,687.42,HEPHY,Left
38885,2-S,687.42,HEPHY,Left
38885,2-S,690.648,HEPHY,Left
38885,2-S,690.648,HEPHY,Left
38885,2-S,687.317,HEPHY,Left
38885,2-S,687.317,HEPHY,Left
38885,2-S,689.426,HEPHY,Left
38885,2-S,689.426,HEPHY,Left
38885,2-S,688.67,HEPHY,Left
38885,2-S,688.67,HEPHY,Left
38885,2-S,696.893,HEPHY,Left
38885,2-S,696.893,HEPHY,Left
38885,2-S,689.3,HEPHY,Left
38885,2-S,689.3,HEPHY,Left
38885,2-S,694.42,HEPHY,Left
38885,2-S,694.42,HEPHY,Left
39479,PSS,675.811,Demokritos,Left
39479,PSS,687.087,Demokritos,Left
39479,PSS,676.957,Demokritos,Left
39479,PSS,686.957,Demokritos,Left
39479,PSS,681.24,Demokritos,Left
39479,PSS,690.304,Demokritos,Left
39479,PSS,675.5,Demokritos,Left
39479,PSS,685.985,Demokritos,Left
39479,PSS,674.7819999999999,Demokritos,Left
39479,PSS,688.2189999999999,Demokritos,Left
39479,PSS,673.932,Demokritos,Left
39479,PSS,681.453,Demokritos,Left
39479,PSS,674.6519999999999,Demokritos,Left
39479,PSS,678.953,Demokritos,Left
39480,2-S,721.4789999999999,HEPHY,Left
39480,2-S,733.834,HEPHY,Left
39480,2-S,723.487,HEPHY,Left
39480,2-S,734.034,HEPHY,Left
39480,2-S,725.793,HEPHY,Left
39480,2-S,736.066,HEPHY,Left
39480,2-S,728.38,HEPHY,Left
39480,2-S,735.4169999999999,HEPHY,Left
39480,2-S,725.0360000000001,HEPHY,Left
39480,2-S,731.7139999999999,HEPHY,Left
39480,2-S,724.796,HEPHY,Left
39480,2-S,731.0169999999999,HEPHY,Left
39480,2-S,724.716,HEPHY,Left
39480,2-S,731.3539999999999,HEPHY,Left
39480,2-S,722.4069999999999,HEPHY,Left
39480,2-S,729.8710000000001,HEPHY,Left
39481,2-S,707.949,HEPHY,Left
39481,2-S,715.174,HEPHY,Left
39481,2-S,706.084,HEPHY,Left
39481,2-S,711.1189999999999,HEPHY,Left
39481,2-S,702.74,HEPHY,Left
39481,2-S,711.7080000000001,HEPHY,Left
39481,2-S,710.3580000000001,HEPHY,Left
39481,2-S,713.882,HEPHY,Left
39481,2-S,703.078,HEPHY,Left
39481,2-S,708.538,HEPHY,Left
39481,2-S,702.306,HEPHY,Left
39481,2-S,709.6310000000001,HEPHY,Left
39481,2-S,703.5939999999999,HEPHY,Left
39481,2-S,707.574,HEPHY,Left
39481,2-S,702.543,HEPHY,Left
39481,2-S,706.628,HEPHY,Left
39482,2-S,704.852,HEPHY,Left
39482,2-S,712.025,HEPHY,Left
39482,2-S,703.3660000000001,HEPHY,Left
39482,2-S,714.3710000000001,HEPHY,Left
39482,2-S,703.862,HEPHY,Left
39482,2-S,715.9889999999999,HEPHY,Left
39482,2-S,704.8789999999999,HEPHY,Left
39482,2-S,714.3989999999999,HEPHY,Left
39482,2-S,708.197,HEPHY,Left
39482,2-S,715.71,HEPHY,Left
39482,2-S,705.002,HEPHY,Left
39482,2-S,711.6410000000001,HEPHY,Left
39482,2-S,703.096,HEPHY,Left
39482,2-S,712.875,HEPHY,Left
39482,2-S,707.312,HEPHY,Left
39482,2-S,715.737,HEPHY,Left
39483,2-S,699.957,HEPHY,Left
39483,2-S,707.76,HEPHY,Left
39483,2-S,700.927,HEPHY,Left
39483,2-S,708.3430000000001,HEPHY,Left
39483,2-S,700.113,HEPHY,Left
39483,2-S,714.2330000000001,HEPHY,Left
39483,2-S,700.493,HEPHY,Left
39483,2-S,705.3530000000001,HEPHY,Left
39483,2-S,698.673,HEPHY,Left
39483,2-S,702.095,HEPHY,Left
39483,2-S,701.413,HEPHY,Left
39483,2-S,704.4010000000001,HEPHY,Left
39483,2-S,702.828,HEPHY,Left
39483,2-S,699.475,HEPHY,Left
39483,2-S,697.8810000000001,HEPHY,Left
39483,2-S,698.7339999999999,HEPHY,Left
39484,2-S,683.648,Demokritos,Left
39484,2-S,695.525,Demokritos,Left
39484,2-S,682.7280000000001,Demokritos,Left
39484,2-S,698.826,Demokritos,Left
39484,2-S,683.937,Demokritos,Left
39484,2-S,695.117,Demokritos,Left
39484,2-S,681.465,Demokritos,Left
39484,2-S,693.337,Demokritos,Left
39484,2-S,684.436,Demokritos,Left
39484,2-S,690.895,Demokritos,Left
39484,2-S,680.762,Demokritos,Left
39484,2-S,684.047,Demokritos,Left
39484,2-S,682.895,Demokritos,Left
39484,2-S,684.8,Demokritos,Left
39487,2-S,667.905,Demokritos,Left
39487,2-S,673.4639999999999,Demokritos,Left
39487,2-S,663.959,Demokritos,Left
39487,2-S,670.063,Demokritos,Left
39487,2-S,662.077,Demokritos,Left
39487,2-S,669.7639999999999,Demokritos,Left
39487,2-S,662.932,Demokritos,Left
39487,2-S,669.701,Demokritos,Left
39487,2-S,663.507,Demokritos,Left
39487,2-S,669.459,Demokritos,Left
39487,2-S,665.4789999999999,Demokritos,Left
39487,2-S,669.804,Demokritos,Left
39487,2-S,664.1,Demokritos,Left
39487,2-S,667.345,Demokritos,Left
39547,PSS,683.763,Demokritos,Left
39547,PSS,691.1560000000001,Demokritos,Left
39547,PSS,675.436,Demokritos,Left
39547,PSS,687.215,Demokritos,Left
39547,PSS,676.456,Demokritos,Left
39547,PSS,687.966,Demokritos,Left
39547,PSS,678.257,Demokritos,Left
39547,PSS,684.882,Demokritos,Left
39547,PSS,678.695,Demokritos,Left
39547,PSS,680.915,Demokritos,Left
39547,PSS,679.3860000000001,Demokritos,Left
39547,PSS,682.052,Demokritos,Left
39547,PSS,674.185,Demokritos,Left
39547,PSS,680.7239999999999,Demokritos,Left
39563,PSS,706.328,Brown,Right
39563,PSS,701.875,Brown,Right
39563,PSS,706.275,Brown,Right
39563,PSS,703.052,Brown,Right
39563,PSS,707.028,Brown,Right
39563,PSS,700.1160000000001,Brown,Right
39563,PSS,706.607,Brown,Right
39563,PSS,698.654,Brown,Right
39563,PSS,702.664,Brown,Right
39563,PSS,698.676,Brown,Right
39563,PSS,701.596,Brown,Right
39563,PSS,699.148,Brown,Right
39563,PSS,699.7869999999999,Brown,Right
39563,PSS,696.797,Brown,Right
39563,PSS,699.3380000000001,Brown,Right
39563,PSS,696.58,Brown,Right
39564,2-S,691.689,Brown,Right
39564,2-S,683.3330000000001,Brown,Right
39564,2-S,685.9169999999999,Brown,Right
39564,2-S,683.163,Brown,Right
39564,2-S,687.505,Brown,Right
39564,2-S,684.1560000000001,Brown,Right
39564,2-S,687.4889999999999,Brown,Right
39564,2-S,683.645,Brown,Right
39564,2-S,682.8530000000001,Brown,Right
39564,2-S,677.677,Brown,Right
39564,2-S,682.2489999999999,Brown,Right
39564,2-S,677.2739999999999,Brown,Right
39565,2-S,701.1,Brown,Right
39565,2-S,688.893,Brown,Right
39565,2-S,701.227,Brown,Right
39565,2-S,693.826,Brown,Right
39565,2-S,700.8660000000001,Brown,Right
39565,2-S,693.2389999999999,Brown,Right
39565,2-S,700.346,Brown,Right
39565,2-S,691.711,Brown,Right
39565,2-S,693.1419999999999,Brown,Right
39565,2-S,686.747,Brown,Right
39565,2-S,691.297,Brown,Right
39565,2-S,685.1239999999999,Brown,Right
39566,2-S,686.9689999999999,Brown,Right
39566,2-S,680.0360000000001,Brown,Right
39566,2-S,686.592,Brown,Right
39566,2-S,680.145,Brown,Right
39566,2-S,684.5210000000001,Brown,Right
39566,2-S,681.9689999999999,Brown,Right
39566,2-S,683.7310000000001,Brown,Right
39566,2-S,680.4789999999999,Brown,Right
39566,2-S,679.694,Brown,Right
39566,2-S,677.28,Brown,Right
39566,2-S,681.9960000000001,Brown,Right
39566,2-S,676.432,Brown,Right
39566,2-S,682.414,Brown,Right
39566,2-S,675.962,Brown,Right
39566,2-S,682.51,Brown,Right
39566,2-S,678.919,Brown,Right
39567,2-S,703.7719999999999,Brown,Right
39567,2-S,693.063,Brown,Right
39567,2-S,703.6339999999999,Brown,Right
39567,2-S,696.7460000000001,Brown,Right
39567,2-S,709.054,Brown,Right
39567,2-S,698.2310000000001,Brown,Right
39567,2-S,711.3939999999999,Brown,Right
39567,2-S,697.703,Brown,Right
39567,2-S,700.9780000000001,Brown,Right
39567,2-S,691.727,Brown,Right
39567,2-S,696.495,Brown,Right
39567,2-S,690.898,Brown,Right
39567,2-S,697.78,Brown,Right
39567,2-S,689.727,Brown,Right
39567,2-S,703.3639999999999,Brown,Right
39567,2-S,687.172,Brown,Right
39569,2-S,706.2410000000001,Brown,Right
39569,2-S,696.143,Brown,Right
39569,2-S,710.2639999999999,Brown,Right
39569,2-S,698.273,Brown,Right
39569,2-S,699.199,Brown,Right
39569,2-S,693.2610000000001,Brown,Right
39569,2-S,700.9810000000001,Brown,Right
39569,2-S,692.298,Brown,Right
39569,2-S,700.222,Brown,Right
39569,2-S,689.3969999999999,Brown,Right
39570,2-S,694.913,Brown,Right
39570,2-S,690.946,Brown,Right
39570,2-S,693.88,Brown,Right
39570,2-S,689.1139999999999,Brown,Right
39571,2-S,700.617,Brown,Right
39571,2-S,682.81,Brown,Right
39571,2-S,701.993,Brown,Right
39571,2-S,686.189,Brown,Right
39571,2-S,697.466,Brown,Right
39571,2-S,681.14,Brown,Right
39571,2-S,696.508,Brown,Right
39571,2-S,678.73,Brown,Right
39572,2-S,695.414,Brown,Right
39572,2-S,687.385,Brown,Right
39572,2-S,687.063,Brown,Right
39572,2-S,681.325,Brown,Right
39572,2-S,689.0139999999999,Brown,Right
39572,2-S,683.5939999999999,Brown,Right
41352,2-S,694.23,Brown,Right
41352,2-S,684.554,Brown,Right
41352,2-S,692.323,Brown,Right
41352,2-S,686.449,Brown,Right
41352,2-S,687.7310000000001,Brown,Right
41352,2-S,683.0319999999999,Brown,Right
41352,2-S,687.122,Brown,Right
41352,2-S,681.52,Brown,Right
41354,2-S,703.816,Brown,Right
41354,2-S,694.365,Brown,Right
41354,2-S,707.672,Brown,Right
41354,2-S,696.703,Brown,Right
41354,2-S,690.703,Brown,Right
41354,2-S,682.22,Brown,Right
41354,2-S,688.6389999999999,Brown,Right
41354,2-S,680.5239999999999,Brown,Right
41354,2-S,683.8380000000001,Brown,Right
41354,2-S,678.357,Brown,Right
41354,2-S,685.048,Brown,Right
41354,2-S,678.202,Brown,Right
41356,2-S,684.297,Demokritos,Left
41356,2-S,697.1339999999999,Demokritos,Left
41356,2-S,687.56,Demokritos,Left
41356,2-S,696.574,Demokritos,Left
41356,2-S,687.3539999999999,Demokritos,Left
41356,2-S,693.404,Demokritos,Left
41356,2-S,683.584,Demokritos,Left
41356,2-S,689.4069999999999,Demokritos,Left
41356,2-S,681.674,Demokritos,Left
41356,2-S,688.2189999999999,Demokritos,Left
41356,2-S,681.922,Demokritos,Left
41356,2-S,686.5939999999999,Demokritos,Left
41356,2-S,681.059,Demokritos,Left
41356,2-S,684.498,Demokritos,Left
41357,2-S,681.831,Demokritos,Left
41357,2-S,688.173,Demokritos,Left
41357,2-S,681.0939999999999,Demokritos,Left
41357,2-S,693.455,Demokritos,Left
41357,2-S,679.8539999999999,Demokritos,Left
41357,2-S,688.625,Demokritos,Left
41357,2-S,677.7260000000001,Demokritos,Left
41357,2-S,684.788,Demokritos,Left
41357,2-S,678.8860000000001,Demokritos,Left
41357,2-S,682.341,Demokritos,Left
41357,2-S,678.693,Demokritos,Left
41357,2-S,685.841,Demokritos,Left
41357,2-S,681.075,Demokritos,Left
41357,2-S,684.8439999999999,Demokritos,Left
41727,PSS,699.23,Brown,Right
41727,PSS,691.9939999999999,Brown,Right
41727,PSS,698.6010000000001,Brown,Right
41727,PSS,694.645,Brown,Right
41727,PSS,700.935,Brown,Right
41727,PSS,695.283,Brown,Right
41727,PSS,699.768,Brown,Right
41727,PSS,692.3510000000001,Brown,Right
41727,PSS,697.095,Brown,Right
41727,PSS,691.794,Brown,Right
41727,PSS,695.165,Brown,Right
41727,PSS,690.575,Brown,Right
41727,PSS,697.135,Brown,Right
41727,PSS,690.165,Brown,Right
41727,PSS,694.9019999999999,Brown,Right
41727,PSS,688.3810000000001,Brown,Right
41730,2-S,678.564,Demokritos,Left
41730,2-S,678.564,Demokritos,Left
41730,2-S,678.564,Demokritos,Left
41730,2-S,688.5210000000001,Demokritos,Left
41730,2-S,688.5210000000001,Demokritos,Left
41730,2-S,688.5210000000001,Demokritos,Left
41730,2-S,679.562,Demokritos,Left
41730,2-S,679.562,Demokritos,Left
41730,2-S,679.562,Demokritos,Left
41730,2-S,691.706,Demokritos,Left
41730,2-S,691.706,Demokritos,Left
41730,2-S,691.706,Demokritos,Left
41730,2-S,687.263,Demokritos,Left
41730,2-S,687.263,Demokritos,Left
41730,2-S,688.438,Demokritos,Left
41730,2-S,688.438,Demokritos,Left
41730,2-S,679.923,Demokritos,Left
41730,2-S,679.923,Demokritos,Left
41730,2-S,686.702,Demokritos,Left
41730,2-S,686.702,Demokritos,Left
41730,2-S,676.421,Demokritos,Left
41730,2-S,681.24,Demokritos,Left
41730,2-S,678.321,Demokritos,Left
41730,2-S,678.321,Demokritos,Left
41730,2-S,681.1039999999999,Demokritos,Left
41730,2-S,681.1039999999999,Demokritos,Left
41730,2-S,676.1039999999999,Demokritos,Left
41730,2-S,676.1039999999999,Demokritos,Left
41730,2-S,684.225,Demokritos,Left
41730,2-S,684.225,Demokritos,Left
41731,2-S,681.27,Demokritos,Left
41731,2-S,681.27,Demokritos,Left
41731,2-S,681.27,Demokritos,Left
41731,2-S,685.9630000000001,Demokritos,Left
41731,2-S,685.9630000000001,Demokritos,Left
41731,2-S,677.9019999999999,Demokritos,Left
41731,2-S,677.9019999999999,Demokritos,Left
41731,2-S,686.26,Demokritos,Left
41731,2-S,686.26,Demokritos,Left
41731,2-S,682.11,Demokritos,Left
41731,2-S,682.11,Demokritos,Left
41731,2-S,685.3380000000001,Demokritos,Left
41731,2-S,685.3380000000001,Demokritos,Left
41731,2-S,677.245,Demokritos,Left
41731,2-S,677.245,Demokritos,Left
41731,2-S,686.252,Demokritos,Left
41731,2-S,683.61,Demokritos,Left
41731,2-S,683.61,Demokritos,Left
41731,2-S,683.328,Demokritos,Left
41731,2-S,683.328,Demokritos,Left
41732,2-S,682.831,Demokritos,Left
41732,2-S,693.5139999999999,Demokritos,Left
41732,2-S,685.857,Demokritos,Left
41732,2-S,693.7660000000001,Demokritos,Left
41732,2-S,683.243,Demokritos,Left
41732,2-S,692.4810000000001,Demokritos,Left
41732,2-S,681.725,Demokritos,Left
41732,2-S,688.6089999999999,Demokritos,Left
41732,2-S,681.0,Demokritos,Left
41732,2-S,687.2869999999999,Demokritos,Left
41732,2-S,680.319,Demokritos,Left
41732,2-S,685.498,Demokritos,Left
41732,2-S,679.9110000000001,Demokritos,Left
41732,2-S,685.067,Demokritos,Left
